date, pm25, o3, no2, so2, co
2022/10/2, 49, , 22, , 5
2022/10/3, 65, , 33, , 6
2022/10/4, 76, , 22, , 5
2022/10/5, 55, , 17, , 4
2022/10/6, 57, , 20, , 6
2022/10/7, 75, , 30, , 8
2022/10/8, 84, , 26, , 7
2022/10/9, 84, , 26, , 7
2022/10/10, 84, , , , 5
2022/10/11, 75, , 17, , 3
2022/10/12, 35, , 16, , 3
2022/10/13, 59, , 28, , 6
2022/10/14, 88, , 23, , 6
2022/10/15, 80, , 23, , 8
2022/10/16, 124, , 26, , 7
2022/10/17, 90, , , , 4
2022/10/18, 66, , 25, , 6
2022/10/19, 91, , 33, , 10
2022/10/20, 167, , 31, , 13
2022/10/21, 174, , 15, , 2
2022/10/22, 32, , 13, , 3
2022/10/23, 24, , 10, , 3
2022/10/24, 33, , 14, , 2
2022/10/25, 22, , 13, , 2
2022/10/26, 19, , 13, , 3
2022/10/27, 27, , 11, , 2
2022/10/28, 29, , 20, , 4
2022/10/29, 33, , 13, , 4
2022/10/30, 43, , 7, , 2
2022/10/31, 27, , , , 2
2022/11/1, 21, , 9, , 3
2022/11/2, 25, , 18, , 3
2022/11/3, 29, , 13, , 3
2022/11/4, 39, , 10, , 2
2022/11/5, 17, , 9, , 2
2022/11/6, 24, , 9, , 2
2022/11/7, 20, , 12, , 2
2022/11/8, 18, , 6, , 2
2022/11/9, 28, , 13, , 4
2022/11/10, 43, , 16, , 4
2022/11/11, 54, , 17, , 4
2022/11/12, 41, , 14, , 4
2022/11/13, 55, , 11, , 4
2022/11/14, 58, , 11, , 2
2022/11/15, 47, , 17, , 4
2022/11/16, 44, , 17, , 3
2022/11/17, 54, , 14, , 3
2022/11/18, 35, , 17, , 3
2022/11/19, 34, , 21, , 5
2022/11/20, 55, , 24, , 8
2022/11/21, 74, , 22, , 6
2022/11/22, 67, , 20, , 4
2022/11/23, 45, , 20, , 5
2022/11/24, 30, , 15, , 5
2022/11/25, 36, , 12, , 3
2022/11/26, 25, , 12, , 3
2022/11/27, 24, , 8, , 2
2022/11/28, 14, , 12, , 2
2022/11/29, 20, , 8, , 2
2022/11/30, 19, , 14, , 3
2022/12/1, 20, , 12, , 2
2022/12/2, 25, , 13, , 2
2022/12/3, 21, , 9, , 2
2022/12/4, 21, , 12, , 2
2022/12/5, 25, , 17, , 3
2022/12/6, 33, , 18, , 4
2022/12/7, 31, , 15, , 3
2022/12/8, 18, , 9, , 2
2022/12/9, 16, , , , 2
2022/12/10, 18, , , , 2
2022/12/11, 19, , , , 2
2022/12/12, 18, , , , 3
2022/12/13, 16, , 14, , 3
2022/12/14, 27, , 11, , 2
2022/12/15, 24, , 12, , 2
2022/12/16, 27, , 14, , 4
2022/12/23, 19, , 12, , 2
2022/12/24, 28, , 13, , 2
2022/12/25, 20, , 11, , 3
2022/12/26, 26, , 4, , 2
2022/12/27, 26, , 10, , 2
2022/12/28, 22, , 13, , 2
2022/12/29, 29, , 17, , 4
2022/12/30, 27, , 11, , 2
2022/12/31, 32, , 12, , 3
2023/1/1, 32, , 13, , 3
2023/1/2, 45, , , , 
2022/7/2, 31, , 7, , 2
2022/7/3, 29, , 5, , 1
2022/7/4, 25, , 7, , 2
2022/7/5, 27, , 15, , 3
2022/7/6, 44, , 17, , 3
2022/7/7, 37, , 11, , 3
2022/7/8, 22, , 12, , 3
2022/7/9, 21, , 9, , 1
2022/7/10, 18, , 7, , 2
2022/7/11, 19, , 8, , 2
2022/7/12, 16, , 7, , 1
2022/7/13, 23, , 7, , 2
2022/7/14, 22, , 12, , 2
2022/7/15, 29, , 10, , 2
2022/7/16, 24, , 6, , 2
2022/7/17, 12, , 6, , 1
2022/7/18, 14, , 11, , 2
2022/7/19, 27, , 9, , 2
2022/7/20, 22, , 15, , 3
2022/7/21, 28, , 18, , 4
2022/7/22, 35, , 11, , 3
2022/7/23, 20, , 12, , 3
2022/7/24, 28, , 13, , 3
2022/7/25, 34, , 17, , 3
2022/7/26, 41, , 28, , 4
2022/7/27, 48, , 25, , 4
2022/7/28, 52, , 21, , 4
2022/7/29, 42, , 27, , 5
2022/7/30, 50, , 26, , 5
2022/7/31, 54, , 24, , 4
2022/8/1, 49, , 11, , 3
2022/8/2, 26, , 14, , 3
2022/8/3, 26, , 12, , 2
2022/8/4, 24, , 7, , 1
2022/8/5, 17, , 7, , 1
2022/8/12, 28, , 16, , 3
2022/8/13, 35, , 7, , 2
2022/8/14, 18, , 13, , 3
2022/8/15, 24, , 19, , 4
2022/8/16, 35, , 12, , 3
2022/8/17, 31, , 12, , 2
2022/8/18, 27, , 42, , 7
2022/8/19, 60, , 20, , 3
2022/8/20, 40, , 9, , 2
2022/8/21, 20, , 12, , 3
2022/8/22, 23, , 16, , 3
2022/8/23, 31, , 17, , 3
2022/8/24, 33, , 23, , 4
2022/8/25, 43, , 28, , 5
2022/8/26, 56, , 9, , 2
2022/8/27, 26, , 12, , 3
2022/8/28, 30, , 11, , 2
2022/8/29, 36, , 11, , 2
2022/8/30, 26, , 19, , 4
2022/8/31, 43, , 22, , 4
2022/9/1, 50, , 18, , 3
2022/9/2, 37, , 21, , 4
2022/9/3, 40, , 7, , 2
2022/9/4, 21, , 5, , 2
2022/9/5, 20, , 6, , 2
2022/9/6, 18, , 13, , 3
2022/9/7, 30, , 8, , 2
2022/9/8, 25, , 11, , 2
2022/9/9, 28, , 7, , 2
2022/9/10, 47, , 23, , 8
2022/9/11, 112, , 14, , 4
2022/9/12, 92, , 16, , 4
2022/9/13, 72, , 18, , 4
2022/9/14, 58, , 19, , 4
2022/9/15, 55, , 18, , 4
2022/9/16, 52, , 11, , 2
2022/9/17, 26, , 6, , 1
2022/9/18, 23, , 7, , 2
2022/9/19, 23, , 23, , 5
2022/9/20, 41, , 11, , 3
2022/9/21, 36, , 26, , 5
2022/9/22, 73, , 12, , 2
2022/9/23, 38, , 16, , 3
2022/9/24, 38, , , , 
2022/9/25, 22, , , , 
2022/9/26, 38, , 42, , 7
2022/9/27, 63, , 25, , 5
2022/9/28, 69, , 14, , 3
2022/9/29, 36, , 19, , 3
2022/9/30, 31, , 8, , 2
2022/10/1, 31, , 14, , 4
2022/4/2, 15, , 9, , 3
2022/4/3, 16, , 7, , 2
2022/4/4, 25, , 10, , 2
2022/4/5, 23, , 14, , 2
2022/4/6, 25, , 16, , 3
2022/4/7, 25, , 33, , 6
2022/4/8, 43, , 11, , 2
2022/4/9, 17, , 7, , 2
2022/4/10, 18, , 8, , 2
2022/4/11, 11, , 10, , 2
2022/4/12, 14, , 14, , 3
2022/4/13, 23, , 15, , 3
2022/4/14, 18, , 18, , 3
2022/4/15, 30, , 16, , 3
2022/4/16, 20, , 9, , 2
2022/4/17, 17, , 11, , 2
2022/4/18, 13, , 19, , 3
2022/4/19, 25, , 15, , 3
2022/4/20, 16, , 12, , 2
2022/4/21, 17, , 17, , 2
2022/4/22, 19, , 15, , 2
2022/4/23, 26, , 16, , 1
2022/4/24, 30, , 17, , 
2022/4/25, 31, , , , 
2022/4/26, 32, , 14, , 
2022/4/27, 22, , 12, , 
2022/4/28, 24, , 13, , 
2022/4/29, 25, , 14, , 
2022/4/30, 18, , 9, , 
2022/5/1, 22, , 24, , 
2022/5/2, 35, , 9, , 
2022/5/3, 25, , 15, , 3
2022/5/4, 21, , 17, , 4
2022/5/5, 28, , 19, , 3
2022/5/6, 22, , 18, , 3
2022/5/7, 24, , 8, , 2
2022/5/8, 16, , 8, , 2
2022/5/9, 15, , 11, , 2
2022/5/10, 12, , 13, , 3
2022/5/11, 18, , 11, , 2
2022/5/12, 16, , 10, , 2
2022/5/13, 14, , 15, , 3
2022/5/14, 16, , 12, , 3
2022/5/15, 21, , 14, , 3
2022/5/16, 21, , 13, , 2
2022/5/17, 16, , 14, , 3
2022/5/18, 20, , 12, , 2
2022/5/19, 23, , 12, , 3
2022/5/20, 19, , 13, , 3
2022/5/21, 28, , 8, , 2
2022/5/22, 21, , 9, , 2
2022/5/23, 18, , 11, , 3
2022/5/24, 26, , 11, , 2
2022/5/25, 20, , 11, , 2
2022/5/26, 13, , 18, , 4
2022/5/27, 28, , 10, , 2
2022/5/28, 16, , 11, , 2
2022/5/29, 24, , 6, , 1
2022/5/30, 17, , 8, , 2
2022/5/31, 17, , 11, , 2
2022/6/1, 31, , 16, , 3
2022/6/2, 32, , 21, , 4
2022/6/3, 41, , 15, , 3
2022/6/4, 25, , 10, , 2
2022/6/5, 20, , 5, , 1
2022/6/6, 11, , 10, , 2
2022/6/7, 15, , 12, , 2
2022/6/8, 17, , 13, , 3
2022/6/9, 18, , 20, , 3
2022/6/10, 28, , 11, , 3
2022/6/11, 20, , 10, , 2
2022/6/12, 13, , 6, , 1
2022/6/13, 17, , 9, , 2
2022/6/14, 17, , 9, , 2
2022/6/15, 19, , 16, , 3
2022/6/16, 30, , 15, , 4
2022/6/17, 31, , 11, , 2
2022/6/18, 25, , 9, , 2
2022/6/19, 20, , 9, , 2
2022/6/20, 18, , 15, , 3
2022/6/21, 28, , 18, , 4
2022/6/22, 33, , 11, , 2
2022/6/23, 17, , 8, , 2
2022/6/24, 20, , 8, , 2
2022/6/25, 18, , 9, , 2
2022/6/26, 21, , 9, , 3
2022/6/27, 32, , 21, , 4
2022/6/28, 46, , 8, , 2
2022/6/29, 23, , 12, , 3
2022/6/30, 20, , 10, , 2
2022/7/1, 23, , 12, , 3
2022/1/4, 20, , 15, , 3
2022/1/5, 25, , 13, , 2
2022/1/6, 14, , 15, , 2
2022/1/7, 23, , 14, , 2
2022/1/8, 19, , 13, , 3
2022/1/9, 30, , 21, , 7
2022/1/10, 48, , 24, , 6
2022/1/11, 50, , 21, , 3
2022/1/12, 24, , 20, , 6
2022/1/13, 33, , 19, , 5
2022/1/14, 33, , 15, , 6
2022/1/15, 37, , 14, , 6
2022/1/16, 53, , 9, , 3
2022/1/17, 37, , 14, , 5
2022/1/18, 47, , 18, , 4
2022/1/19, 24, , 16, , 4
2022/1/20, 27, , 12, , 2
2022/1/21, 20, , 20, , 4
2022/1/22, 39, , 8, , 2
2022/1/23, 30, , 10, , 2
2022/1/24, 35, , 11, , 2
2022/1/25, 43, , 12, , 3
2022/1/26, 44, , 13, , 2
2022/1/27, 42, , 19, , 6
2022/1/28, 52, , 23, , 8
2022/1/29, 60, , 20, , 5
2022/1/30, 39, , 14, , 3
2022/1/31, 38, , 17, , 3
2022/2/1, 21, , 16, , 4
2022/2/2, 30, , 17, , 3
2022/2/3, 28, , 18, , 4
2022/2/4, 28, , 13, , 3
2022/2/5, 22, , 11, , 3
2022/2/6, 26, , 15, , 6
2022/2/7, 49, , 20, , 3
2022/2/8, 39, , 24, , 5
2022/2/9, 33, , 24, , 6
2022/2/10, 50, , 11, , 3
2022/2/11, 31, , 8, , 2
2022/2/12, 25, , 13, , 3
2022/2/13, 38, , 20, , 7
2022/2/14, 62, , 17, , 3
2022/2/15, 32, , 20, , 4
2022/2/16, 48, , 20, , 5
2022/2/17, 42, , 18, , 4
2022/2/18, 33, , 18, , 4
2022/2/19, 36, , 11, , 2
2022/2/20, 20, , 9, , 3
2022/2/21, 20, , 7, , 3
2022/2/22, 24, , 6, , 2
2022/2/23, 21, , 20, , 5
2022/2/24, 49, , 14, , 3
2022/2/25, 42, , 22, , 6
2022/2/26, 49, , 20, , 5
2022/2/27, 39, , 6, , 2
2022/2/28, 20, , 11, , 2
2022/3/1, 18, , 15, , 3
2022/3/2, 20, , 15, , 4
2022/3/3, 30, , 12, , 3
2022/3/4, 24, , 9, , 3
2022/3/5, 21, , 12, , 3
2022/3/6, 32, , 16, , 5
2022/3/7, 53, , 16, , 5
2022/3/8, 46, , 20, , 5
2022/3/9, 43, , 11, , 3
2022/3/10, 28, , 25, , 5
2022/3/11, 38, , 18, , 4
2022/3/12, 31, , 14, , 3
2022/3/13, 36, , 11, , 3
2022/3/14, 19, , 17, , 3
2022/3/15, 31, , 14, , 2
2022/3/16, 28, , 15, , 3
2022/3/17, 28, , 16, , 4
2022/3/18, 30, , 15, , 4
2022/3/19, 25, , 7, , 2
2022/3/20, 21, , 9, , 2
2022/3/21, 24, , 13, , 3
2022/3/22, 23, , 13, , 4
2022/3/23, 23, , 13, , 3
2022/3/24, 27, , 11, , 3
2022/3/25, 19, , 21, , 5
2022/3/26, 33, , 20, , 4
2022/3/27, 40, , 14, , 3
2022/3/28, 34, , 14, , 3
2022/3/29, 22, , 16, , 4
2022/3/30, 28, , 11, , 2
2022/3/31, 16, , 11, , 2
2022/4/1, 18, , 13, , 3
2021/10/2, 27, , 16, , 5
2021/10/3, 42, , 10, , 2
2021/10/4, 24, , 19, , 4
2021/10/5, 29, , 15, , 3
2021/10/6, 32, , 11, , 3
2021/10/7, 18, , 12, , 3
2021/10/8, 22, , 20, , 5
2021/10/9, 48, , 10, , 3
2021/10/10, 30, , 5, , 2
2021/10/11, 21, , 17, , 4
2021/10/12, 27, , 14, , 4
2021/10/13, 29, , 17, , 5
2021/10/14, 38, , 12, , 3
2021/10/15, 18, , 16, , 4
2021/10/16, 28, , 9, , 3
2021/10/17, 23, , 11, , 3
2021/10/18, 21, , 17, , 3
2021/10/19, 18, , 18, , 5
2021/10/20, 38, , 13, , 3
2021/10/21, 32, , 10, , 3
2021/10/22, 21, , 16, , 4
2021/10/23, 29, , 10, , 2
2021/10/24, 26, , 5, , 2
2021/10/25, 13, , 9, , 2
2021/10/26, 14, , 11, , 2
2021/10/27, 19, , 15, , 3
2021/10/28, 29, , 10, , 2
2021/10/29, 15, , 9, , 2
2021/10/30, 20, , 7, , 2
2021/10/31, 19, , 16, , 5
2021/11/1, 46, , 24, , 7
2021/11/2, 52, , 14, , 5
2021/11/3, 34, , 20, , 5
2021/11/4, 41, , 12, , 2
2021/11/5, 20, , 14, , 3
2021/11/6, 30, , 8, , 2
2021/11/7, 15, , 7, , 2
2021/11/8, 14, , 12, , 3
2021/11/9, 20, , 10, , 2
2021/11/10, 23, , 16, , 5
2021/11/11, 34, , 10, , 2
2021/11/12, 17, , 15, , 3
2021/11/13, 23, , 13, , 4
2021/11/14, 35, , 3, , 1
2021/11/15, 14, , 9, , 2
2021/11/16, 14, , 15, , 3
2021/11/17, 24, , 15, , 4
2021/11/18, 31, , 22, , 4
2021/11/19, 35, , 9, , 2
2021/11/20, 23, , 15, , 4
2021/11/21, 42, , 15, , 6
2021/11/22, 55, , 17, , 5
2021/11/23, 52, , 17, , 3
2021/11/24, 24, , 20, , 5
2021/11/25, 32, , 12, , 3
2021/11/26, 35, , 14, , 3
2021/11/27, 23, , 12, , 3
2021/11/28, 23, , 7, , 1
2021/11/29, 12, , 16, , 3
2021/11/30, 20, , 14, , 2
2021/12/1, 14, , 12, , 2
2021/12/2, 16, , 7, , 1
2021/12/3, 17, , 12, , 2
2021/12/4, 30, , 12, , 3
2021/12/5, 35, , 11, , 3
2021/12/6, 32, , 16, , 4
2021/12/7, 27, , 15, , 4
2021/12/8, 19, , 12, , 3
2021/12/9, 14, , 20, , 4
2021/12/10, 28, , 15, , 3
2021/12/11, 19, , 7, , 2
2021/12/12, 16, , 9, , 2
2021/12/13, 13, , 21, , 5
2021/12/14, 28, , 16, , 3
2021/12/15, 18, , 12, , 3
2021/12/16, 21, , 17, , 4
2021/12/17, 26, , 13, , 4
2021/12/18, 39, , 9, , 2
2021/12/19, 21, , 10, , 2
2021/12/20, 27, , 11, , 2
2021/12/21, 21, , 11, , 3
2021/12/22, 30, , 17, , 3
2021/12/23, 23, , 16, , 2
2021/12/24, 14, , 8, , 2
2021/12/25, 18, , 5, , 2
2021/12/26, 20, , 4, , 1
2021/12/27, 21, , 8, , 2
2021/12/28, 27, , 9, , 2
2021/12/29, 24, , 9, , 2
2021/12/30, 24, , 9, , 2
2021/12/31, 23, , 14, , 2
2022/1/1, 38, , 12, , 3
2022/1/2, 53, , 14, , 3
2022/1/3, 30, , 12, , 2
2021/7/2, 30, , , , 
2021/7/3, 50, , , , 
2021/7/4, 43, , , , 
2021/7/5, 41, , , , 
2021/7/6, 38, , , , 
2021/7/7, 36, , 11, , 2
2021/7/8, 25, , 19, , 3
2021/7/9, 30, , 18, , 3
2021/7/10, 34, , 13, , 2
2021/7/11, 33, , 8, , 2
2021/7/12, 25, , 18, , 3
2021/7/13, 32, , 18, , 3
2021/7/14, 43, , 14, , 3
2021/7/15, 44, , 15, , 3
2021/7/16, 27, , 9, , 3
2021/7/17, 17, , 8, , 2
2021/7/18, 12, , 3, , 2
2021/7/19, 16, , 17, , 3
2021/7/20, 27, , 9, , 2
2021/7/21, 14, , 10, , 2
2021/7/22, 22, , 8, , 2
2021/7/23, 15, , 9, , 2
2021/7/24, 19, , 7, , 2
2021/7/25, 14, , 4, , 1
2021/7/26, 20, , 6, , 1
2021/7/27, 16, , 11, , 2
2021/7/28, 26, , 19, , 3
2021/7/29, 27, , 14, , 3
2021/7/30, 27, , 19, , 4
2021/7/31, 35, , 19, , 3
2021/8/1, 32, , 18, , 3
2021/8/2, 31, , 15, , 3
2021/8/3, 40, , 19, , 3
2021/8/4, 40, , 14, , 3
2021/8/5, 29, , 12, , 3
2021/8/6, 26, , 16, , 3
2021/8/7, 25, , 5, , 1
2021/8/8, 12, , 6, , 2
2021/8/9, 26, , 13, , 3
2021/8/10, 29, , 10, , 2
2021/8/11, 23, , 15, , 3
2021/8/12, 24, , 22, , 4
2021/8/13, 62, , 49, , 8
2021/8/14, 123, , 20, , 4
2021/8/15, 50, , 16, , 3
2021/8/16, 32, , 12, , 3
2021/8/17, 35, , 14, , 3
2021/8/18, 33, , 21, , 4
2021/8/19, 46, , 17, , 3
2021/8/20, 41, , 10, , 2
2021/8/21, 16, , 10, , 3
2021/8/22, 19, , 5, , 2
2021/8/23, 30, , 14, , 4
2021/8/24, 34, , 14, , 4
2021/8/25, 32, , 22, , 5
2021/8/26, 45, , 11, , 3
2021/8/27, 20, , 5, , 2
2021/8/28, 19, , 11, , 3
2021/8/29, 27, , 9, , 3
2021/8/30, 18, , 14, , 3
2021/8/31, 26, , 9, , 3
2021/9/1, 20, , 10, , 3
2021/9/2, 19, , 19, , 4
2021/9/3, 35, , 22, , 5
2021/9/4, 43, , 18, , 4
2021/9/5, 32, , 12, , 3
2021/9/6, 22, , 11, , 2
2021/9/7, 21, , 16, , 4
2021/9/8, 31, , 19, , 3
2021/9/9, 31, , 20, , 4
2021/9/10, 32, , 15, , 3
2021/9/11, 19, , 10, , 3
2021/9/12, 19, , 6, , 2
2021/9/13, 18, , 12, , 3
2021/9/14, 21, , 17, , 4
2021/9/15, 35, , 10, , 2
2021/9/16, 21, , 15, , 3
2021/9/17, 27, , 21, , 4
2021/9/18, 38, , 9, , 2
2021/9/19, 26, , 10, , 3
2021/9/20, 23, , 15, , 3
2021/9/21, 27, , 17, , 4
2021/9/22, 33, , 20, , 4
2021/9/23, 37, , 13, , 3
2021/9/24, 28, , 16, , 3
2021/9/25, 34, , 20, , 4
2021/9/26, 45, , 9, , 2
2021/9/27, 27, , 14, , 3
2021/9/28, 19, , 13, , 3
2021/9/29, 21, , 18, , 4
2021/9/30, 29, , 17, , 3
2021/10/1, 31, , 11, , 3
2021/4/2, 48, , 19, , 4
2021/4/3, 34, , 15, , 3
2021/4/4, 34, , 6, , 2
2021/4/5, 10, , 25, , 5
2021/4/6, 32, , 23, , 4
2021/4/7, 36, , 18, , 2
2021/4/8, 19, , 14, , 3
2021/4/9, 16, , 14, , 3
2021/4/10, 21, , 6, , 2
2021/4/11, 11, , 7, , 2
2021/4/12, 18, , 10, , 2
2021/4/13, 16, , 9, , 2
2021/4/14, 13, , 10, , 2
2021/4/15, 13, , 21, , 4
2021/4/16, 28, , 23, , 4
2021/4/17, 39, , 29, , 5
2021/4/18, 48, , 20, , 4
2021/4/19, 51, , 24, , 4
2021/4/20, 43, , 18, , 3
2021/4/21, 34, , 22, , 4
2021/4/22, 40, , 16, , 3
2021/4/23, 39, , 14, , 3
2021/4/24, 34, , 10, , 2
2021/4/25, 19, , 9, , 2
2021/4/26, 11, , 16, , 3
2021/4/27, 18, , 15, , 3
2021/4/28, 21, , 17, , 3
2021/4/29, 23, , 16, , 3
2021/4/30, 29, , 13, , 3
2021/5/1, 19, , 7, , 2
2021/5/2, 17, , 9, , 2
2021/5/3, 18, , 13, , 2
2021/5/4, 18, , 10, , 2
2021/5/5, 19, , 17, , 4
2021/5/6, 28, , 15, , 2
2021/5/7, 26, , 9, , 1
2021/5/8, 16, , 9, , 3
2021/5/9, 18, , 8, , 2
2021/5/10, 17, , 13, , 3
2021/5/11, 18, , 10, , 2
2021/5/12, 21, , 8, , 2
2021/5/13, 13, , 9, , 2
2021/5/14, 17, , 11, , 2
2021/5/15, 21, , 12, , 3
2021/5/16, 28, , 19, , 3
2021/5/17, 38, , 13, , 2
2021/5/18, 16, , 11, , 2
2021/5/19, 14, , 9, , 2
2021/5/20, 12, , 14, , 3
2021/5/21, 26, , 13, , 4
2021/5/22, 34, , 11, , 3
2021/5/23, 35, , 6, , 2
2021/5/24, 14, , 12, , 3
2021/5/25, 18, , 14, , 3
2021/5/26, 18, , 14, , 3
2021/5/27, 15, , 13, , 2
2021/5/28, 22, , 14, , 3
2021/5/29, 17, , 7, , 2
2021/5/30, 17, , 13, , 3
2021/5/31, 27, , 15, , 3
2021/6/1, 32, , 15, , 3
2021/6/2, 27, , 19, , 3
2021/6/3, 37, , 10, , 2
2021/6/4, 21, , 13, , 2
2021/6/5, 17, , 5, , 1
2021/6/6, 10, , 6, , 2
2021/6/7, 12, , 14, , 3
2021/6/8, 11, , 13, , 2
2021/6/9, 18, , 13, , 3
2021/6/10, 15, , 10, , 2
2021/6/11, 15, , 13, , 2
2021/6/12, 21, , 16, , 3
2021/6/13, 25, , 14, , 2
2021/6/14, 27, , 15, , 3
2021/6/15, 20, , 10, , 2
2021/6/19, 20, , 8, , 2
2021/6/20, 23, , 4, , 1
2021/6/21, 21, , 14, , 3
2021/6/22, 30, , 16, , 3
2021/6/23, 36, , 13, , 3
2021/6/24, 24, , 14, , 2
2021/6/25, 32, , 12, , 3
2021/6/26, 36, , 24, , 6
2021/6/27, 54, , 24, , 5
2021/6/28, 66, , 27, , 9
2021/6/29, 80, , 10, , 4
2021/6/30, 38, , 7, , 2
2021/7/1, 36, , 12, , 2
2021/1/5, 17, , 17, , 3
2021/1/6, 20, , 20, , 4
2021/1/7, 27, , 15, , 5
2021/1/8, 38, , 21, , 5
2021/1/9, 29, , 16, , 4
2021/1/10, 29, , 16, , 4
2021/1/11, 35, , 14, , 2
2021/1/12, 23, , 12, , 2
2021/1/13, 13, , 18, , 4
2021/1/14, 34, , 21, , 5
2021/1/15, 35, , 18, , 4
2021/1/16, 32, , 15, , 5
2021/1/17, 43, , 11, , 3
2021/1/18, 43, , 10, , 2
2021/1/19, 27, , 14, , 4
2021/1/20, 48, , 19, , 8
2021/1/21, 64, , 13, , 3
2021/1/22, 39, , 10, , 2
2021/1/23, 21, , 17, , 4
2021/1/24, 53, , 9, , 2
2021/1/25, 29, , 17, , 3
2021/1/26, 27, , 12, , 2
2021/1/27, 21, , 17, , 4
2021/1/28, 19, , 19, , 3
2021/1/29, 18, , 17, , 4
2021/1/30, 41, , 14, , 3
2021/1/31, 28, , 17, , 3
2021/2/1, 22, , 16, , 3
2021/2/2, 22, , 16, , 2
2021/2/3, 14, , 14, , 3
2021/2/4, 18, , 18, , 3
2021/2/5, 20, , 16, , 3
2021/2/6, 14, , 10, , 2
2021/2/7, 15, , 10, , 2
2021/2/8, 18, , 15, , 3
2021/2/9, 31, , 10, , 2
2021/2/10, 20, , 20, , 4
2021/2/11, 45, , 9, , 2
2021/2/12, 19, , 5, , 1
2021/2/13, 20, , 7, , 1
2021/2/14, 29, , 7, , 1
2021/2/15, 20, , 12, , 2
2021/2/16, 17, , 18, , 4
2021/2/17, 27, , 19, , 3
2021/2/18, 25, , 18, , 3
2021/2/19, 26, , 16, , 3
2021/2/20, 20, , 13, , 2
2021/2/21, 19, , 5, , 1
2021/2/22, 9, , 16, , 2
2021/2/23, 15, , 18, , 3
2021/2/24, 18, , 21, , 4
2021/2/25, 35, , 19, , 3
2021/2/26, 23, , 18, , 3
2021/2/27, 17, , 19, , 4
2021/2/28, 32, , 12, , 2
2021/3/1, 18, , 19, , 3
2021/3/2, 28, , 12, , 2
2021/3/3, 18, , 23, , 5
2021/3/4, 49, , 22, , 4
2021/3/5, 44, , 21, , 3
2021/3/6, 31, , 13, , 2
2021/3/7, 18, , 12, , 2
2021/3/8, 18, , 23, , 4
2021/3/9, 24, , 23, , 4
2021/3/10, 36, , 14, , 3
2021/3/11, 27, , 17, , 4
2021/3/12, 30, , 26, , 6
2021/3/13, 52, , 22, , 5
2021/3/14, 54, , 13, , 3
2021/3/15, 42, , 15, , 3
2021/3/16, 17, , 21, , 4
2021/3/17, 38, , 23, , 5
2021/3/18, 48, , 19, , 4
2021/3/19, 38, , 15, , 3
2021/3/20, 17, , 9, , 2
2021/3/21, 18, , 10, , 2
2021/3/22, 17, , 12, , 2
2021/3/23, 15, , 21, , 4
2021/3/24, 33, , 14, , 3
2021/3/25, 11, , 14, , 3
2021/3/26, 20, , 17, , 4
2021/3/27, 36, , 14, , 3
2021/3/28, 43, , 7, , 2
2021/3/29, 20, , 16, , 3
2021/3/30, 24, , 20, , 4
2021/3/31, 36, , 20, , 4
2021/4/1, 34, , 20, , 4
2020/10/2, 63, , 22, , 6
2020/10/3, 68, , 14, , 4
2020/10/4, 56, , 18, , 5
2020/10/5, 36, , 13, , 4
2020/10/6, 44, , 12, , 3
2020/10/7, 47, , 16, , 4
2020/10/8, 48, , 19, , 3
2020/10/9, 26, , 13, , 3
2020/10/10, 21, , 10, , 2
2020/10/11, 13, , 6, , 2
2020/10/12, 15, , 13, , 2
2020/10/13, 27, , 11, , 2
2020/10/14, 26, , 14, , 3
2020/10/15, 30, , 23, , 5
2020/10/16, 36, , 15, , 3
2020/10/17, 24, , 9, , 2
2020/10/18, 31, , 9, , 2
2020/10/19, 13, , 14, , 2
2020/10/20, 16, , 20, , 4
2020/10/21, 29, , 16, , 3
2020/10/22, 34, , 16, , 4
2020/10/23, 39, , 15, , 3
2020/10/24, 31, , 5, , 1
2020/10/25, 16, , 9, , 2
2020/10/26, 35, , 15, , 3
2020/10/27, 38, , 19, , 4
2020/10/28, 41, , 15, , 3
2020/10/29, 33, , 19, , 5
2020/10/30, 36, , 13, , 2
2020/10/31, 26, , 10, , 3
2020/11/1, 30, , 14, , 5
2020/11/2, 46, , 22, , 6
2020/11/3, 57, , 19, , 4
2020/11/4, 47, , 13, , 2
2020/11/5, 17, , 15, , 2
2020/11/6, 26, , 9, , 2
2020/11/7, 19, , 14, , 5
2020/11/8, 38, , 10, , 2
2020/11/9, 20, , 16, , 3
2020/11/10, 43, , 18, , 3
2020/11/11, 29, , 15, , 3
2020/11/12, 37, , 14, , 3
2020/11/13, 36, , 13, , 2
2020/11/14, 15, , 12, , 3
2020/11/15, 22, , 9, , 2
2020/11/16, 17, , 14, , 3
2020/11/17, 22, , 15, , 3
2020/11/18, 29, , 14, , 2
2020/11/19, 19, , 16, , 3
2020/11/20, 24, , 17, , 4
2020/11/21, 28, , 15, , 4
2020/11/22, 44, , 15, , 5
2020/11/23, 60, , 15, , 3
2020/11/24, 30, , 13, , 2
2020/11/25, 20, , 19, , 4
2020/11/26, 31, , 9, , 2
2020/11/27, 24, , 10, , 2
2020/11/28, 18, , 11, , 3
2020/11/29, 29, , 16, , 6
2020/11/30, 49, , 18, , 3
2020/12/1, 35, , 13, , 3
2020/12/2, 31, , 25, , 8
2020/12/3, 44, , 24, , 9
2020/12/4, 64, , 22, , 8
2020/12/5, 64, , 22, , 7
2020/12/6, 61, , 14, , 3
2020/12/7, 33, , 17, , 4
2020/12/8, 31, , 16, , 3
2020/12/9, 25, , 19, , 3
2020/12/10, 26, , 15, , 3
2020/12/11, 27, , 17, , 4
2020/12/12, 31, , 12, , 3
2020/12/13, 31, , 11, , 2
2020/12/14, 25, , 20, , 4
2020/12/15, 34, , 13, , 2
2020/12/16, 23, , 13, , 2
2020/12/17, 15, , 15, , 3
2020/12/18, 21, , 13, , 2
2020/12/19, 19, , 11, , 2
2020/12/20, 18, , 13, , 3
2020/12/21, 22, , 14, , 2
2020/12/22, 22, , 20, , 5
2020/12/23, 32, , 15, , 3
2020/12/24, 29, , 20, , 9
2020/12/25, 71, , 16, , 5
2020/12/26, 62, , 8, , 2
2020/12/27, 20, , 16, , 5
2020/12/28, 32, , 13, , 3
2020/12/29, 29, , 16, , 4
2020/12/30, 42, , 14, , 2
2020/12/31, 24, , 13, , 3
2021/1/1, 16, , 9, , 2
2021/1/2, 26, , 6, , 1
2021/1/3, 9, , 7, , 2
2021/1/4, 13, , 13, , 2
2020/7/2, 17, 27, 12, 1, 3
2020/7/3, 32, 23, 10, 1, 3
2020/7/4, 17, 26, 8, 4, 3
2020/7/5, 30, 25, 6, 1, 2
2020/7/6, 52, 25, 10, 1, 3
2020/7/7, 20, 17, 7, 1, 2
2020/7/8, 11, 23, 11, 1, 3
2020/7/9, 25, 18, 9, 1, 3
2020/7/10, 21, 23, 11, 1, 3
2020/7/11, 18, 19, 7, 1, 2
2020/7/12, 18, 30, 4, 1, 1
2020/7/13, 10, 23, 7, 1, 3
2020/7/14, 13, 24, 9, 1, 2
2020/7/15, 21, 22, 4, 1, 4
2020/7/16, 19, 20, 11, 1, 3
2020/7/17, 24, 13, 6, 1, 2
2020/7/18, 22, 21, 9, 1, 3
2020/7/19, 24, 22, 10, 1, 3
2020/7/20, 29, 25, 15, 1, 4
2020/7/21, 34, 23, 15, 1, 3
2020/7/22, 34, 12, 9, 1, 3
2020/7/23, 14, 16, 10, 1, 3
2020/7/24, 19, 19, 8, 1, 2
2020/7/25, 21, 26, 5, 1, 2
2020/7/26, 17, 33, 8, 1, 3
2020/7/27, 25, 37, 23, 1, 5
2020/7/28, 36, 25, 13, 1, 4
2020/7/29, 28, 32, 15, 1, 4
2020/8/5, 25, 22, 15, 1, 4
2020/8/6, 39, 19, 6, 1, 2
2020/8/7, 17, 24, 13, 1, 4
2020/8/8, 33, 21, 12, 1, 4
2020/8/9, 31, 24, 9, 1, 3
2020/8/10, 26, 22, 16, 1, 4
2020/8/11, 30, 22, 13, 1, 3
2020/8/12, 41, 26, 13, 1, 3
2020/8/13, 35, 31, 9, 1, 3
2020/8/14, 37, 30, 11, 1, 3
2020/8/15, 37, 41, 9, , 3
2020/8/16, 37, 40, 27, 2, 5
2020/8/17, 54, 21, 14, 1, 3
2020/8/18, 30, 23, 12, 1, 2
2020/8/19, 23, 24, 15, 1, 3
2020/8/20, 34, , 11, , 2
2020/8/21, 20, , 9, , 2
2020/8/22, 17, , , , 3
2020/8/23, 24, , , , 3
2020/8/24, 28, , , , 4
2020/8/25, 26, , 12, , 4
2020/8/26, 31, , 10, , 3
2020/8/27, 26, , 13, , 4
2020/8/28, 29, , 9, , 3
2020/8/29, 20, , 9, , 4
2020/8/30, 30, , 9, , 4
2020/8/31, 40, , 15, , 4
2020/9/1, 27, , 24, , 6
2020/9/2, 33, , 16, , 4
2020/9/3, 33, , 13, , 4
2020/9/4, 28, , 19, , 4
2020/9/5, 36, , 12, , 4
2020/9/6, 41, , 17, , 5
2020/9/7, 42, , 12, , 4
2020/9/8, 41, , 14, , 6
2020/9/9, 131, , 28, , 7
2020/9/10, 102, , 45, , 8
2020/9/11, 105, , 26, , 14
2020/9/12, 190, , 17, , 13
2020/9/13, 199, , 25, , 15
2020/9/14, 207, , 35, , 16
2020/9/15, 228, , 34, , 16
2020/9/16, 229, , 23, , 10
2020/9/17, 175, , 22, , 10
2020/9/18, 156, , 18, , 7
2020/9/19, 124, , 11, , 4
2020/9/20, 19, , 13, , 5
2020/9/21, 25, , 19, , 6
2020/9/22, 42, , 19, , 5
2020/9/23, 26, , 11, , 
2020/9/24, 21, , 13, , 2
2020/9/25, 26, , 11, , 3
2020/9/26, 23, , 10, , 3
2020/9/27, 25, , 13, , 3
2020/9/28, 23, , 11, , 3
2020/9/29, 20, , 19, , 4
2020/9/30, 38, , 25, , 7
2020/10/1, 61, , 21, , 5
2020/4/2, 14, 27, 12, 1, 2
2020/4/3, 21, 27, 9, 1, 2
2020/4/4, 12, 28, 8, 1, 2
2020/4/5, 16, 26, 5, 1, 2
2020/4/6, 15, 29, 14, 1, 3
2020/4/7, 19, 30, 11, 1, 3
2020/4/8, 29, 31, 11, 1, 3
2020/4/9, 36, 33, 12, 1, 3
2020/4/10, 40, 27, 16, 1, 3
2020/4/11, 37, 35, 7, 1, 2
2020/4/12, 20, 37, 9, 1, 2
2020/4/13, 24, 35, 16, 1, 3
2020/4/14, 26, 32, 15, 1, 3
2020/4/15, 29, 34, 11, 1, 3
2020/4/16, 15, 32, 15, 1, 3
2020/4/17, 28, 30, 17, 1, 3
2020/4/18, 28, 25, 10, 1, 2
2020/4/19, 20, 27, 7, 1, 2
2020/4/20, 13, 27, 10, 1, 3
2020/4/21, 27, 27, 10, 1, 2
2020/4/22, 12, 21, 13, 1, 2
2020/4/23, 13, 23, 11, 1, 3
2020/4/24, 18, 21, 16, 1, 4
2020/4/25, 22, 32, 7, 1, 2
2020/4/26, 25, 32, 3, 1, 3
2020/4/27, 23, 30, 10, 1, 3
2020/4/28, 9, 23, 15, 1, 3
2020/5/1, 11, 34, 14, 1, 4
2020/5/2, 21, 32, 10, 1, 3
2020/5/3, 23, 32, 4, 1, 2
2020/5/4, 11, 30, 15, 1, 4
2020/5/5, 19, 34, 16, 1, 
2020/5/6, 18, 33, 7, 1, 2
2020/5/7, 16, 30, 7, 1, 2
2020/5/8, 17, 34, 13, 1, 
2020/5/9, 17, 35, 10, 1, 
2020/5/10, 17, 36, 22, 1, 
2020/5/11, 34, 31, 19, 1, 
2020/5/12, 30, 26, 14, 1, 
2020/5/13, 24, 31, 10, 1, 
2020/5/14, 14, 31, 14, 1, 
2020/5/15, 15, 34, 14, 1, 
2020/5/16, 11, 16, 11, 1, 
2020/5/17, 25, 32, 5, 1, 
2020/5/18, 10, 28, 12, 1, 
2020/5/19, 20, 23, 12, 1, 
2020/5/20, 14, 29, 13, 1, 
2020/5/21, 14, 26, 7, 1, 
2020/5/22, 11, 23, 9, 1, 
2020/5/23, 19, 27, 8, 1, 
2020/5/24, 15, 23, 11, 1, 
2020/5/25, 27, 21, 9, 1, 
2020/5/26, 18, 26, 11, 1, 
2020/5/27, 13, 32, 12, 1, 
2020/5/28, 18, 32, 18, 1, 
2020/5/29, 33, 34, 10, 1, 
2020/5/30, 27, 23, 8, 1, 
2020/5/31, 24, 21, 5, 1, 
2020/6/1, 14, 28, 8, 1, 
2020/6/2, 21, 21, 13, 1, 
2020/6/3, 21, 28, 9, 1, 
2020/6/4, 18, 30, 6, 1, 
2020/6/5, 17, 24, 10, 1, 
2020/6/6, 17, 26, 7, 1, 
2020/6/7, 11, 22, 9, 1, 
2020/6/8, 13, 23, 9, 1, 
2020/6/9, 16, 13, 8, 1, 
2020/6/10, 12, 16, 13, 1, 
2020/6/11, 17, 28, 12, 1, 
2020/6/12, 17, 17, 12, 1, 
2020/6/13, 16, 22, 8, 1, 
2020/6/14, 8, 23, 5, 1, 
2020/6/15, 11, 23, 9, 1, 2
2020/6/16, 13, 27, 10, 1, 2
2020/6/17, 17, 24, 12, 1, 3
2020/6/18, 23, 22, 9, 1, 2
2020/6/19, 20, 19, 16, 1, 3
2020/6/20, 32, 15, 8, 1, 1
2020/6/21, 17, 22, 7, 1, 1
2020/6/22, 12, 29, 11, 1, 2
2020/6/23, 18, 21, 10, 1, 1
2020/6/24, 15, 18, 13, 1, 3
2020/6/25, 18, 20, 13, 1, 6
2020/6/26, 99, 26, 10, 1, 3
2020/6/27, 27, 17, 3, 1, 1
2020/6/28, 10, 21, 8, 1, 2
2020/6/29, 12, 16, 9, 1, 2
2020/6/30, 24, 22, 10, 1, 2
2020/7/1, 18, 17, 10, 1, 2
2020/1/2, 14, 27, 16, 1, 3
2020/1/3, 19, 32, 20, 1, 4
2020/1/4, 28, 31, 11, 53, 2
2020/1/5, 17, 26, 8, 47, 2
2020/1/6, 14, 24, 13, , 2
2020/1/7, 9, 27, 15, 1, 3
2020/1/8, 13, 26, 21, 1, 3
2020/1/9, 17, 7, 20, 1, 4
2020/1/10, 33, 25, 12, 1, 2
2020/1/11, 13, 28, 15, , 3
2020/1/12, 21, 28, 9, 1, 2
2020/1/13, 12, 23, 17, 1, 3
2020/1/14, 25, 28, 11, 1, 3
2020/1/15, 17, 28, 7, , 2
2020/1/16, 9, 24, 15, 1, 2
2020/1/17, 18, 27, 19, 1, 3
2020/1/18, 20, 26, 10, 1, 2
2020/1/19, 11, 27, 20, 1, 4
2020/1/20, 27, 18, 21, 1, 6
2020/1/21, 37, 27, 19, 1, 2
2020/1/22, 21, 24, 17, 1, 2
2020/1/23, 18, 19, 18, 1, 3
2020/1/24, 17, 24, 20, 1, 3
2020/1/25, 15, 16, 15, , 3
2020/1/26, 18, 28, 10, 1, 3
2020/1/27, 17, 23, 16, , 3
2020/1/28, 14, 24, 18, 1, 4
2020/1/29, 17, 14, 18, 1, 3
2020/1/30, 21, 15, 16, 1, 3
2020/1/31, 26, 25, 14, 1, 2
2020/2/1, 14, 29, 8, 1, 2
2020/2/2, 12, 26, 13, 1, 4
2020/2/3, 27, 24, 14, 1, 3
2020/2/4, 23, 12, 19, 1, 4
2020/2/5, 26, 24, 25, , 4
2020/2/6, 15, 16, 22, , 4
2020/2/7, 20, 31, 16, , 3
2020/2/8, 23, 26, 9, , 2
2020/2/9, 18, , 15, , 4
2020/2/10, 25, , 17, , 5
2020/2/11, 39, , 17, , 4
2020/2/12, 40, , 22, , 5
2020/2/13, 31, , 17, , 4
2020/2/14, 27, , 16, , 3
2020/2/15, 15, , 10, , 3
2020/2/16, 14, , 10, , 3
2020/2/17, 18, , 16, , 3
2020/2/18, 24, , 14, , 3
2020/2/19, 18, , 24, , 5
2020/2/20, 31, , 35, , 7
2020/2/21, 42, , 26, , 6
2020/2/22, 39, , 17, , 4
2020/2/23, 24, , 8, , 2
2020/2/24, 22, 28, 16, , 3
2020/2/25, 26, 13, 24, 1, 4
2020/2/26, 35, 21, 23, , 4
2020/2/27, 31, 19, 18, , 4
2020/2/28, 32, 29, 15, , 4
2020/2/29, 31, 30, 10, , 3
2020/3/1, 20, 25, 15, , 4
2020/3/2, 29, 24, 15, , 2
2020/3/3, 23, 24, 15, 1, 3
2020/3/4, 11, 27, 18, 1, 4
2020/3/5, 27, 27, 18, 1, 4
2020/3/6, 27, 25, 21, 1, 4
2020/3/7, 21, 26, 15, 1, 4
2020/3/8, 28, 26, 23, 1, 3
2020/3/9, 22, 18, 19, 1, 4
2020/3/10, 30, 29, 18, 1, 3
2020/3/11, 23, 28, 14, 1, 3
2020/3/12, 21, 25, 18, 1, 3
2020/3/13, 30, 28, 10, 1, 2
2020/3/14, 20, 27, 6, 1, 2
2020/3/15, 19, 30, 7, 1, 2
2020/3/16, 13, 26, 15, 1, 3
2020/3/17, 23, 16, 25, 1, 5
2020/3/18, 45, 24, 25, 1, 4
2020/3/19, 55, 23, 27, 1, 4
2020/3/20, 61, 32, 21, 1, 4
2020/3/21, 50, 19, 20, 1, 4
2020/3/22, 47, 31, 12, 1, 3
2020/3/23, 46, 30, 14, 1, 2
2020/3/24, 16, 26, 13, , 3
2020/3/25, 14, 23, 17, , 3
2020/3/26, 19, 34, 14, , 2
2020/3/27, 29, 30, 13, 1, 2
2020/3/28, 21, 28, 7, , 2
2020/3/29, 10, , , , 
2019/10/2, 24, 11, 21, 1, 6
2019/10/3, 31, 23, 22, 1, 2
2019/10/4, 21, 22, 13, , 3
2019/10/5, 17, 15, 14, 1, 4
2019/10/6, 27, 14, 11, 1, 3
2019/10/7, 21, 30, 11, 1, 3
2019/10/8, 23, 24, 12, 1, 2
2019/10/9, 18, 18, 11, , 3
2019/10/10, 16, 12, 12, , 3
2019/10/11, 25, 26, 23, 1, 6
2019/10/12, 34, 9, 20, 1, 5
2019/10/13, 46, 14, 17, 1, 3
2019/10/14, 43, 16, 22, 1, 5
2019/10/15, 43, 10, 20, 1, 5
2019/10/16, 54, 24, 18, 1, 4
2019/10/17, 41, 25, 15, , 3
2019/10/18, 24, 21, 17, , 3
2019/10/19, 25, 21, 11, , 3
2019/10/20, 15, 27, 7, , 3
2019/10/21, 19, 22, 17, , 3
2019/10/22, 35, 22, 12, , 2
2019/10/23, 25, 13, 12, , 3
2019/10/24, 24, 3, 19, 1, 6
2019/10/25, 48, 17, 16, 1, 5
2019/10/26, 36, 20, 12, 1, 3
2019/10/27, 30, 18, 10, , 3
2019/10/28, 20, 13, 14, 1, 4
2019/10/29, 32, 25, 16, , 3
2019/10/30, 26, 14, 17, 1, 3
2019/10/31, 26, 7, 25, 1, 6
2019/11/1, 57, 9, 17, 1, 4
2019/11/2, 49, 10, 17, 1, 4
2019/11/3, 53, 12, 14, 1, 4
2019/11/4, 51, 9, 15, , 4
2019/11/5, 48, 7, 13, 1, 4
2019/11/6, 40, 4, 13, 1, 3
2019/11/7, 44, 1, 18, 1, 7
2019/11/8, 49, 15, 19, 1, 7
2019/11/9, 55, 11, 13, , 3
2019/11/10, 39, 8, 11, , 4
2019/11/11, 38, 4, 16, 1, 5
2019/11/12, 40, 5, 16, 1, 4
2019/11/13, 40, 8, 12, 1, 3
2019/11/14, 35, , 19, 1, 6
2019/11/15, 56, 23, 18, 1, 4
2019/11/16, 32, 11, 15, 1, 4
2019/11/17, 30, 17, 13, , 3
2019/11/18, 27, 16, 14, 1, 3
2019/11/19, 19, 17, 14, , 2
2019/11/20, 23, 9, 13, , 3
2019/11/21, 26, 2, 17, 1, 7
2019/11/22, 48, , 18, 1, 8
2019/11/23, 65, 24, 13, 1, 5
2019/11/24, 50, 21, 13, , 3
2019/11/25, 26, 20, 15, 1, 3
2019/11/26, 19, 26, 11, , 2
2019/11/27, 12, 24, 10, , 2
2019/11/28, 19, 19, 8, , 2
2019/11/29, 20, 15, 14, , 4
2019/11/30, 30, 19, 15, 1, 5
2019/12/1, 43, 21, 16, 1, 4
2019/12/2, 22, 11, 24, 1, 8
2019/12/3, 47, 6, 20, 1, 5
2019/12/4, 43, 18, 17, 1, 4
2019/12/5, 43, 14, 15, 1, 5
2019/12/6, 46, 3, 19, 1, 7
2019/12/7, 51, 12, 13, 1, 4
2019/12/8, 26, 8, 12, 1, 3
2019/12/9, 30, 6, 11, , 3
2019/12/10, 27, 1, 14, 1, 4
2019/12/11, 36, 14, 16, 1, 3
2019/12/12, 29, 30, 19, 1, 3
2019/12/13, 25, 23, 21, 1, 4
2019/12/14, 17, 14, 17, , 4
2019/12/15, 26, 15, 17, , 4
2019/12/16, 25, 12, 20, 1, 4
2019/12/17, 20, 9, 28, 1, 8
2019/12/18, 49, 20, 27, 1, 7
2019/12/19, 54, 23, 15, 1, 3
2019/12/20, 21, 27, 29, 1, 4
2019/12/21, 21, 27, 11, , 2
2019/12/22, 15, 14, 10, , 2
2019/12/23, 16, 11, 15, 1, 3
2019/12/24, 22, 6, 19, , 6
2019/12/25, 34, 6, 12, , 4
2019/12/26, 37, 2, 17, , 5
2019/12/27, 52, 12, 18, 36, 5
2019/12/28, 33, 9, 16, 1, 5
2019/12/29, 37, , 15, , 5
2019/12/30, 31, , , , 
2019/7/2, 29, 20, 18, 1, 4
2019/7/3, 25, 14, 17, 1, 5
2019/7/4, 29, 21, 15, 1, 4
2019/7/5, 29, 18, 13, 1, 4
2019/7/6, 31, 22, 11, 1, 3
2019/7/7, 20, 20, 8, 1, 3
2019/7/8, 17, 26, 19, 1, 5
2019/7/9, 29, 22, 22, 1, 4
2019/7/10, 39, 9, 12, 1, 3
2019/7/11, 27, 12, 17, 1, 4
2019/7/12, 21, 17, 16, 1, 3
2019/7/13, 30, 19, 9, 1, 2
2019/7/14, 20, 29, 10, 1, 3
2019/7/15, 21, 23, 15, 1, 3
2019/7/16, 21, 19, 20, 1, 4
2019/7/17, 30, 15, 10, 1, 2
2019/7/18, 14, 23, 7, 1, 2
2019/7/19, 17, 20, 9, 1, 2
2019/7/20, 23, 26, 10, 1, 2
2019/7/21, 19, 34, 18, 1, 3
2019/7/22, 31, 26, 14, 1, 3
2019/7/23, 26, 21, 11, 1, 3
2019/7/24, 24, 29, 12, 1, 3
2019/7/25, 19, 27, 12, 1, 3
2019/7/26, 25, 23, 13, 1, 4
2019/7/27, 30, 23, 6, 1, 2
2019/7/28, 15, 27, 6, 1, 2
2019/7/29, 16, 26, 18, 1, 4
2019/7/30, 37, 24, 17, , 3
2019/7/31, 28, 28, 19, 1, 4
2019/8/1, 31, 28, 12, 1, 3
2019/8/2, 22, 23, 11, 1, 3
2019/8/3, 25, 32, 8, 1, 3
2019/8/4, 40, 35, 13, 1, 4
2019/8/5, 43, 37, 28, 2, 5
2019/8/6, 52, 24, 22, 1, 4
2019/8/7, 47, 25, 17, 1, 4
2019/8/8, 33, 27, 17, 1, 4
2019/8/9, 25, 25, 21, 1, 4
2019/8/10, 32, 22, 14, 1, 10
2019/8/11, 30, 22, 3, 1, 8
2019/8/12, 17, 22, 17, 1, 7
2019/8/13, 21, 33, 14, 1, 4
2019/8/14, 28, 31, 21, 1, 4
2019/8/15, 31, 24, 15, 1, 4
2019/8/16, 28, 21, 13, 1, 4
2019/8/17, 32, 26, 13, 1, 4
2019/8/18, 26, 22, 11, 1, 3
2019/8/19, 21, 27, 10, 1, 3
2019/8/20, 19, 34, 20, 1, 4
2019/8/21, 31, 20, 15, 1, 3
2019/8/22, 22, 19, 19, 1, 4
2019/8/23, 36, 21, 17, 1, 4
2019/8/24, 37, 25, 9, 1, 3
2019/8/25, 26, 28, 10, 1, 3
2019/8/26, 26, 31, 9, 1, 3
2019/8/27, 34, 29, 11, 1, 3
2019/8/28, 35, 23, 19, 5, 4
2019/8/29, 37, 28, 20, 1, 4
2019/8/30, 38, 25, 15, 1, 4
2019/8/31, 28, 26, 16, 1, 4
2019/9/1, 30, 26, 10, 1, 3
2019/9/2, 19, 27, 12, 1, 4
2019/9/3, 21, 21, 23, 1, 5
2019/9/4, 37, 24, 17, , 4
2019/9/5, 28, 20, 16, 1, 4
2019/9/6, 34, 25, 20, 1, 4
2019/9/7, 41, 16, 16, 1, 3
2019/9/8, 29, 21, 8, , 3
2019/9/9, 12, 23, 16, , 3
2019/9/10, 16, 22, 15, , 4
2019/9/11, 23, 25, 19, 1, 5
2019/9/12, 24, 26, 13, 1, 3
2019/9/13, 21, 23, 12, 1, 3
2019/9/14, 19, 21, 11, , 3
2019/9/15, 14, 22, 4, , 2
2019/9/16, 15, 21, 14, 1, 4
2019/9/17, 24, 16, 9, 1, 2
2019/9/18, 14, 19, 13, 1, 3
2019/9/19, 21, 19, 20, 1, 5
2019/9/20, 37, 10, 15, 1, 4
2019/9/21, 29, 16, 12, 1, 4
2019/9/22, 25, 17, 10, , 3
2019/9/23, 19, 21, 13, 1, 3
2019/9/24, 26, 21, 14, 1, 3
2019/9/25, 31, 24, 15, 1, 4
2019/9/26, 39, 20, 16, 1, 3
2019/9/27, 24, 24, 11, , 3
2019/9/28, 17, 18, 7, , 2
2019/9/29, 13, 16, 8, , 2
2019/9/30, 11, 19, 10, , 3
2019/10/1, 12, 17, 16, 1, 4
2019/6/18, 27, 18, 9, 1, 2
2019/6/19, 16, 22, 9, 1, 2
2019/6/20, 23, 22, 11, 1, 3
2019/6/21, 16, 23, 12, 1, 3
2019/6/22, 26, 17, 10, 1, 3
2019/6/23, 20, 21, 8, 1, 2
2019/6/24, 20, 24, 11, 1, 2
2019/6/25, 23, 31, 14, 1, 3
2019/6/26, 25, 29, 17, 1, 3
2019/6/27, 21, 26, 13, 1, 3
2019/6/28, 18, 27, 14, 1, 3
2019/6/29, 19, 30, 12, 1, 3
2019/6/30, 21, 33, 12, 1, 3
2019/7/1, 23, 29, 18, 1, 4
2019/1/2, 57, 23, 19, 1, 5
2019/1/3, 45, 27, 25, 1, 5
2019/1/4, 32, 26, 16, 1, 3
2019/1/5, 21, 9, 22, 1, 6
2019/1/6, 33, 28, 13, 1, 3
2019/1/7, 21, 23, 22, 1, 4
2019/1/8, 28, 17, 27, 1, 5
2019/1/9, 31, 20, 22, 1, 4
2019/1/10, 24, 16, 18, 1, 4
2019/1/11, 16, 16, 28, 2, 9
2019/1/12, 47, 15, 26, 2, 10
2019/1/13, 63, 4, 25, 1, 8
2019/1/14, 59, 5, 24, 1, 7
2019/1/15, 53, 2, 38, 3, 14
2019/1/16, 86, 27, 31, 2, 11
2019/1/17, 66, 26, 21, 1, 4
2019/1/18, 22, 26, 19, 1, 3
2019/1/19, 19, 27, 13, 1, 3
2019/1/20, 32, 20, 15, 1, 4
2019/1/21, 28, 11, 22, 1, 7
2019/1/22, 58, 20, 18, 1, 1
2019/1/23, 27, 26, 16, 1, 1
2019/1/24, 20, 9, 21, 1, 1
2019/1/25, 43, 6, 16, 1, 1
2019/1/26, 44, 9, 13, 1, 1
2019/1/27, 45, 13, 11, 1, 1
2019/1/28, 46, 10, 13, 1, 4
2019/1/29, 30, 10, 25, 1, 6
2019/1/30, 34, 2, 30, 2, 7
2019/1/31, 62, 8, 25, 1, 7
2019/2/1, 55, 29, 22, 1, 3
2019/2/2, 40, 24, 15, 1, 2
2019/2/3, 23, 29, 9, 1, 1
2019/2/4, 20, 27, 5, 1, 1
2019/2/5, 21, 24, 21, 1, 4
2019/2/6, 42, 17, 26, 1, 6
2019/2/7, 52, 14, 24, 1, 5
2019/2/8, 38, 26, 23, 1, 4
2019/2/9, 52, 26, 7, 1, 2
2019/2/10, 25, 24, 14, 1, 2
2019/2/11, 31, 27, 10, 1, 2
2019/2/12, 20, 27, 11, 1, 2
2019/2/13, 24, 22, 19, 1, 3
2019/2/14, 31, 18, 31, 1, 6
2019/2/15, 37, 24, 24, 1, 5
2019/2/16, 29, 16, 19, 1, 5
2019/2/17, 35, 15, 19, 1, 5
2019/2/18, 43, 3, 16, 1, 4
2019/2/19, 50, 23, 23, 1, 5
2019/2/20, 32, 18, 13, 1, 3
2019/2/21, 24, 18, 19, 1, 5
2019/2/22, 38, 20, 19, 1, 4
2019/2/23, 28, 27, 14, 1, 3
2019/2/24, 22, 30, 9, 1, 2
2019/2/25, 18, 29, 11, 1, 3
2019/2/26, 19, 32, 8, 1, 2
2019/2/27, 17, 29, 16, 1, 3
2019/2/28, 26, 26, 25, 1, 5
2019/3/1, 32, 27, 17, 1, 3
2019/3/2, 29, 31, 11, 1, 3
2019/3/3, 30, 36, 5, 1, 1
2019/3/4, 12, 34, 8, 1, 2
2019/3/5, 15, 32, 13, 1, 3
2019/3/6, 16, 24, 17, 1, 3
2019/3/7, 29, 26, 20, 1, 4
2019/3/8, 30, 23, 28, 1, 5
2019/3/9, 35, 27, 16, 1, 4
2019/3/10, 41, 25, 21, 2, 4
2019/3/11, 41, 29, 27, 1, 4
2019/3/12, 35, 26, 21, 1, 3
2019/3/13, 25, 21, 23, 1, 5
2019/3/14, 38, 26, 20, 1, 5
2019/3/15, 29, 23, 22, 1, 5
2019/3/16, 40, 21, 19, 1, 5
2019/3/17, 47, 20, 13, 1, 4
2019/3/18, 41, 38, 18, 1, 4
2019/3/19, 27, 40, 22, 1, 5
2019/3/20, 35, 40, 25, 1, 5
2019/3/21, 28, 34, 21, 1, 4
2019/3/22, 33, 34, 24, 1, 5
2019/3/23, 32, 33, 17, 1, 5
2019/3/24, 35, 26, 15, 2, 4
2019/3/25, 38, 31, 18, 1, 5
2019/3/26, 34, 34, 19, 1, 4
2019/3/27, 21, 31, 13, 1, 3
2019/3/28, 18, 30, 25, 1, 5
2019/3/29, 28, 22, 29, 1, 6
2019/3/30, 40, 31, 16, 1, 4
2019/3/31, 29, 33, 15, 1, 4
2019/4/1, 45, , , , 
2018/11/6, 38, 20, 19, 1, 4
2018/11/7, 28, 14, 14, , 3
2018/11/8, 27, 6, 17, 1, 6
2018/11/9, 46, 1, 18, 1, 7
2018/11/10, 52, 12, 13, 1, 4
2018/11/11, 49, 9, 10, 1, 3
2018/11/12, 34, 18, 27, 1, 8
2018/11/13, 56, 15, 25, 1, 5
2018/11/14, 52, 19, 27, 1, 5
2018/11/15, 68, 20, 21, 1, 4
2018/11/16, 44, 14, 13, 1, 3
2018/11/17, 24, 12, 9, 1, 2
2018/11/18, 23, 7, 17, 1, 5
2018/11/19, 46, 1, 25, 2, 10
2018/11/20, 69, , 25, 3, 14
2018/11/21, 85, 6, 31, 1, 8
2018/11/22, 57, 23, 12, 1, 3
2018/11/23, 24, 23, 12, 1, 2
2018/11/24, 15, 14, 18, 1, 5
2018/11/25, 37, 4, 17, 1, 7
2018/11/26, 43, 18, 20, 1, 5
2018/11/27, 36, 20, 18, 1, 3
2018/11/28, 22, 18, 21, 1, 4
2018/11/29, 26, 11, 16, 1, 3
2018/11/30, 31, 16, 18, 1, 4
2018/12/1, 34, , 20, 1, 4
2018/12/2, 27, , 15, 1, 4
2018/12/3, 49, 7, 10, 1, 3
2018/12/4, 25, 14, 16, 1, 3
2018/12/5, 30, 16, 17, 1, 3
2018/12/6, 29, 23, 26, 1, 6
2018/12/7, 42, 21, 25, 1, 6
2018/12/8, 39, 20, 20, 1, 6
2018/12/9, 45, 21, 12, 1, 3
2018/12/10, 29, 60, 19, 1, 4
2018/12/11, 30, 60, 18, 1, 3
2018/12/12, 23, 20, 20, 1, 3
2018/12/13, 30, 23, 25, 1, 5
2018/12/14, 30, 30, 24, 1, 6
2018/12/15, 39, 30, 12, 1, 3
2018/12/16, 15, 27, 15, 1, 3
2018/12/17, 20, 22, 16, 1, 3
2018/12/18, 15, 28, 21, 1, 3
2018/12/19, 22, 27, 26, 1, 5
2018/12/20, 34, 26, 16, 1, 2
2018/12/21, 21, 19, 22, 1, 4
2018/12/22, 38, 25, 19, 1, 4
2018/12/23, 31, 20, 12, 1, 3
2018/12/24, 15, , , , 
2018/7/2, 9, 23, 7, , 2
2018/7/3, 10, 24, 18, 1, 4
2018/7/4, 30, 21, 16, 2, 4
2018/7/5, 36, 31, 19, 1, 4
2018/7/6, 52, 17, 12, 1, 3
2018/7/7, 19, 21, 10, 1, 2
2018/7/8, 16, 22, 13, 1, 3
2018/7/9, 22, 25, 18, 1, 3
2018/7/10, 27, 24, 15, 1, 3
2018/7/11, 25, 25, 13, 1, 3
2018/7/12, 14, 25, 16, 1, 4
2018/7/13, 35, 26, 22, 3, 4
2018/7/14, 44, 34, 20, 2, 3
2018/7/15, 41, 35, 20, 1, 3
2018/7/16, 39, 29, 31, 1, 5
2018/7/17, 48, 27, 22, 1, 4
2018/7/18, 43, 19, 14, 1, 3
2018/7/19, 26, 18, 15, 1, 3
2018/7/20, 26, 23, 13, 1, 3
2018/7/21, 32, 23, 12, 1, 3
2018/7/22, 26, 29, 13, 1, 3
2018/7/23, 30, 27, 20, 1, 4
2018/7/24, 38, 27, 22, 1, 4
2018/7/25, 44, 31, 33, 1, 6
2018/7/26, 53, 36, 36, 1, 5
2018/7/27, 52, 26, 27, 2, 5
2018/7/28, 44, 22, 21, 1, 4
2018/7/29, 39, 31, 26, 1, 5
2018/7/30, 52, 32, 37, 1, 6
2018/7/31, 62, 24, 13, 1, 4
2018/8/1, 39, 17, 13, 1, 4
2018/8/2, 25, 10, 11, 1, 3
2018/8/3, 16, 17, 14, 1, 3
2018/8/4, 24, 17, 13, 1, 3
2018/8/5, 25, 24, 23, 1, 4
2018/8/6, 40, 21, 19, 1, 4
2018/8/7, 32, 29, 24, 1, 4
2018/8/8, 39, 24, 35, 1, 6
2018/8/9, 54, 34, 27, 1, 5
2018/8/10, 53, 18, 21, 1, 4
2018/8/11, 39, 14, 15, 1, 2
2018/8/12, 18, 14, 60, 1, 2
2018/8/13, 31, 16, 12, 1, 4
2018/8/14, 57, 26, 52, 1, 8
2018/8/15, 141, 26, 46, 1, 10
2018/8/16, 141, 13, 25, 1, 5
2018/8/17, 71, 24, 25, 1, 5
2018/8/18, 58, 23, , 1, 
2018/8/19, 73, 23, 26, , 6
2018/8/20, 94, 50, 20, 1, 9
2018/8/21, 130, 23, 54, 1, 14
2018/8/22, 175, 36, 60, 1, 12
2018/8/23, 172, 21, 19, 1, 5
2018/8/24, 83, 27, 18, 1, 6
2018/8/25, 102, 19, 19, 1, 5
2018/8/26, 114, 18, 13, 1, 4
2018/8/27, 58, 24, 21, 1, 4
2018/8/28, 45, 21, 32, 1, 7
2018/8/29, 56, 23, 20, 1, 5
2018/8/30, 49, 19, 15, 1, 5
2018/8/31, 25, 20, 13, 1, 3
2018/9/1, 21, 21, 10, , 3
2018/9/2, 24, 22, 11, , 3
2018/9/3, 32, 25, 9, , 3
2018/9/4, 16, 27, 12, 1, 3
2018/9/5, 35, 29, 24, 1, 5
2018/9/6, 54, 25, 40, 2, 7
2018/9/7, 72, 21, 17, 1, 3
2018/9/8, 31, 22, 12, 1, 3
2018/9/9, 22, 23, 10, , 2
2018/9/10, 21, 21, 17, 1, 3
2018/9/11, 34, 22, 17, 1, 4
2018/9/12, 30, 24, 19, 1, 4
2018/9/13, 26, 21, 20, 1, 4
2018/9/14, 30, 21, 17, 1, 4
2018/9/15, 23, 18, 11, 1, 3
2018/9/16, 18, 25, 9, 1, 2
2018/9/17, 17, 20, 11, 1, 2
2018/9/18, 21, 21, 13, 1, 3
2018/9/19, 27, 22, 18, 1, 5
2018/9/20, 41, 19, 11, 1, 3
2018/9/21, 22, 14, 15, 1, 3
2018/9/22, 29, 23, 9, 1, 2
2018/9/23, 17, 23, 13, 1, 3
2018/9/24, 39, 20, 15, 1, 4
2018/9/25, 41, 14, 11, 1, 3
2018/9/26, 37, 13, 13, 1, 3
2018/9/27, 37, 19, 13, 1, 3
2018/9/28, 40, 17, 15, 1, 3
2018/9/29, 35, 19, 18, 1, 4
2018/9/30, 44, 14, 12, 1, 5
2018/10/1, 44, 15, 15, 1, 3
2018/10/2, 27, 22, 14, 1, 2
2018/10/3, 25, 12, 13, 1, 4
2018/10/4, 33, 12, 17, 1, 4
2018/10/5, 35, 18, 14, 1, 3
2018/10/6, 32, 15, 9, 1, 2
2018/10/7, 43, 14, 13, 1, 4
2018/10/8, 45, , , , 
2018/4/2, 18, , 18, , 4
2018/4/3, 18, , 23, , 4
2018/4/4, 28, , 15, , 3
2018/4/5, 15, , 19, , 4
2018/4/6, 33, , 17, , 4
2018/4/7, 24, , 16, , 3
2018/4/8, 26, , 7, , 2
2018/4/9, 14, , 21, , 4
2018/4/10, 26, , 24, , 3
2018/4/11, 29, , 16, , 3
2018/4/12, 18, , 18, , 4
2018/4/13, 19, , 13, , 3
2018/4/14, 19, , 15, , 4
2018/4/15, 19, , 10, , 3
2018/4/16, 17, , 19, , 3
2018/4/17, 20, , 19, , 4
2018/4/18, 29, , 12, , 3
2018/4/19, 17, , 18, , 4
2018/4/21, 37, , 10, , 2
2018/4/22, 39, , 7, , 2
2018/4/23, 36, , 17, , 4
2018/4/24, 33, , 23, , 4
2018/4/25, 37, , 18, , 4
2018/4/26, 35, , 22, , 4
2018/4/27, 44, , 21, , 3
2018/4/28, 34, , 14, , 3
2018/4/29, 27, , 11, , 3
2018/4/30, 20, , 23, , 4
2018/5/1, 30, , 27, , 5
2018/5/2, 37, , 25, , 4
2018/5/3, 41, , 20, , 5
2018/5/4, 46, , 17, , 4
2018/5/5, 18, , 13, , 3
2018/5/6, 26, , 20, , 4
2018/5/7, 44, , 21, , 4
2018/5/8, 26, , 23, , 4
2018/5/9, 34, , 18, , 3
2018/5/10, 18, , 19, , 3
2018/5/11, 22, , 16, , 3
2018/5/12, 24, , 9, , 2
2018/5/13, 25, , 26, , 5
2018/5/14, 47, 35, 32, 1, 5
2018/5/15, 56, 25, 18, 1, 3
2018/5/16, 36, 25, 15, , 3
2018/5/17, 20, 25, 17, 1, 4
2018/5/18, 22, 14, 24, 2, 5
2018/5/19, 38, 2, 28, 4, 4
2018/5/20, 55, , 13, 1, 3
2018/5/21, 28, 29, 12, 1, 3
2018/5/22, 26, 30, 15, 1, 3
2018/5/23, 31, 30, 25, 1, 4
2018/5/24, 43, 24, 16, , 3
2018/5/25, 28, 27, 11, 1, 2
2018/5/26, 27, 29, 11, , 2
2018/5/27, 23, 33, 13, 1, 3
2018/5/28, 28, 29, 7, 1, 2
2018/5/29, 22, 24, 11, 1, 2
2018/5/30, 27, 27, 11, 1, 3
2018/5/31, 22, 26, 14, 1, 3
2018/6/1, 20, 30, 13, 1, 3
2018/6/2, 13, 28, 16, 1, 3
2018/6/3, 26, 24, 14, 1, 3
2018/6/4, 28, 27, 8, , 2
2018/6/5, 15, 28, 16, 1, 3
2018/6/6, 21, 29, 17, 1, 3
2018/6/7, 22, 35, 18, 1, 3
2018/6/8, 20, 25, 21, 1, 4
2018/6/9, 32, 27, 16, 1, 2
2018/6/10, 23, 24, 8, , 2
2018/6/11, 14, 25, 20, 1, 4
2018/6/12, 26, 15, 18, 1, 4
2018/6/13, 27, 21, 13, 1, 2
2018/6/14, 21, 16, 13, 1, 3
2018/6/15, 22, 24, 10, 1, 2
2018/6/16, 21, 29, 8, 1, 2
2018/6/17, 24, 33, 16, 1, 3
2018/6/18, 36, 35, 24, 1, 5
2018/6/19, 52, 22, 23, 1, 4
2018/6/20, 48, 23, 29, 1, 5
2018/6/21, 49, 21, 12, , 3
2018/6/22, 26, 16, 13, 1, 3
2018/6/23, 18, 20, 11, 1, 2
2018/6/24, 24, 6, 10, 1, 2
2018/6/25, 28, 24, 13, 1, 2
2018/6/26, 18, 26, 10, , 2
2018/6/27, 19, 20, 15, 1, 3
2018/6/28, 28, 21, 17, 1, 3
2018/6/29, 31, 21, 15, 1, 3
2018/6/30, 33, 18, 15, 4, 3
2018/7/1, 24, 23, 8, , 2
2018/1/2, 41, , , , 5
2018/1/3, 33, , , , 5
2018/1/4, 39, , 25, , 10
2018/1/5, 68, , 27, , 7
2018/1/6, 43, , 17, , 4
2018/1/7, 20, , 16, , 4
2018/1/8, 30, , 21, , 6
2018/1/9, 34, , 18, , 4
2018/1/10, 19, , 26, , 4
2018/1/11, 23, , 17, , 3
2018/1/12, 17, , 22, , 4
2018/1/13, 18, , 13, , 3
2018/1/14, 23, , 17, , 7
2018/1/15, 37, , 22, , 9
2018/1/16, 50, , 22, , 4
2018/1/17, 28, , 28, , 6
2018/1/18, 32, , 18, , 3
2018/1/19, 20, , 20, , 3
2018/1/20, 18, , 11, , 3
2018/1/21, 12, , 7, , 2
2018/1/22, 10, , 21, , 4
2018/1/23, 20, , 22, , 4
2018/1/24, 18, , 18, , 3
2018/1/25, 13, , 19, , 3
2018/1/26, 17, , 19, , 3
2018/1/27, 16, , 9, , 3
2018/1/28, 16, , 13, , 3
2018/1/29, 17, , 20, , 4
2018/1/30, 22, , 23, , 4
2018/1/31, 27, , 24, , 4
2018/2/1, 24, , 19, , 3
2018/2/2, 17, , 19, , 3
2018/2/3, 16, , 13, , 3
2018/2/4, 12, , 11, , 2
2018/2/5, 9, , 24, , 4
2018/2/6, 19, , 21, , 4
2018/2/7, 15, , 22, , 5
2018/2/8, 27, , 15, , 3
2018/2/9, 22, , 18, , 4
2018/2/10, 22, , 14, , 3
2018/2/11, 23, , 11, , 3
2018/2/12, 35, , 15, , 3
2018/2/13, 17, , 30, , 6
2018/2/14, 43, , 24, , 4
2018/2/15, 24, , 24, , 5
2018/2/16, 38, , 22, , 4
2018/2/17, 22, , 12, , 2
2018/2/18, 16, , 9, , 2
2018/2/21, 38, , 21, , 4
2018/2/22, 29, , 12, , 3
2018/2/23, 15, , 21, , 4
2018/2/24, 26, , 15, , 3
2018/2/25, 21, , 10, , 2
2018/2/26, 15, , 26, , 5
2018/2/27, 25, , 16, , 3
2018/2/28, 24, , 18, , 3
2018/3/1, 24, , 22, , 4
2018/3/2, 26, , 22, , 4
2018/3/3, 27, , 13, , 3
2018/3/4, 23, , 17, , 4
2018/3/5, 39, , 25, , 4
2018/3/6, 23, , 13, , 3
2018/3/7, 23, , 20, , 4
2018/3/8, 23, , 22, , 4
2018/3/9, 31, , 24, , 4
2018/3/10, 31, , , , 5
2018/3/11, 33, , 29, , 6
2018/3/12, 49, , 27, , 5
2018/3/13, 48, , 26, , 4
2018/3/14, 21, , 21, , 4
2018/3/15, 22, , 18, , 4
2018/3/16, 27, , 15, , 4
2018/3/17, 26, , 18, , 4
2018/3/18, 37, , 16, , 4
2018/3/19, 20, , 22, , 5
2018/3/20, 35, , 15, , 3
2018/3/21, 28, , 32, , 7
2018/3/22, 46, , 26, , 4
2018/3/23, 28, , 18, , 4
2018/3/24, 14, , 17, , 4
2018/3/25, 23, , 14, , 4
2018/3/26, 27, , 16, , 3
2018/3/27, 16, , 17, , 3
2018/3/28, 16, , 13, , 3
2018/3/29, 21, , 19, , 4
2018/3/30, 26, , 19, , 4
2018/3/31, 24, , 15, , 3
2018/4/1, 29, , 8, , 2
2017/10/2, 19, , 16, , 4
2017/10/3, 28, , 14, , 3
2017/10/4, 24, , 22, , 5
2017/10/5, 32, , 29, , 8
2017/10/6, 59, , 18, , 4
2017/10/7, 37, , 10, , 3
2017/10/8, 21, , 15, , 5
2017/10/9, 26, , 20, , 5
2017/10/10, 41, , 14, , 3
2017/10/11, 29, , 19, , 4
2017/10/12, 23, , 15, , 3
2017/10/13, 17, , 14, , 3
2017/10/14, 18, , 13, , 4
2017/10/15, 22, , 13, , 4
2017/10/16, 29, , 15, , 4
2017/10/17, 33, , 13, , 2
2017/10/18, 29, , 13, , 3
2017/10/19, 25, , 15, , 3
2017/10/20, 17, , 15, , 3
2017/10/21, 24, , 7, , 2
2017/10/22, 14, , 10, , 3
2017/10/23, 27, , 18, , 5
2017/10/24, 44, , 13, , 4
2017/10/25, 29, , 14, , 5
2017/10/26, 50, , 10, , 2
2017/10/27, 35, , 17, , 5
2017/10/28, 47, , 23, , 10
2017/10/29, 79, , 22, , 5
2017/10/30, 77, , 24, , 6
2017/10/31, 57, , 28, , 
2017/11/1, 59, , 20, , 4
2017/11/2, 31, , 15, , 3
2017/11/3, 19, , 11, , 2
2017/11/4, 24, , 16, , 4
2017/11/5, 38, , 10, , 4
2017/11/6, 40, , 18, , 6
2017/11/7, 49, , 24, , 6
2017/11/8, 40, , 28, , 6
2017/11/9, 46, , 26, , 6
2017/11/10, 41, , 18, , 5
2017/11/11, 29, , 13, , 5
2017/11/12, 36, , 9, , 3
2017/11/13, 21, , 13, , 2
2017/11/14, 14, , 12, , 2
2017/11/15, 13, , 24, , 4
2017/11/16, 21, , 24, , 4
2017/11/17, 23, , 25, , 4
2017/11/18, 26, , 18, , 4
2017/11/19, 26, , 15, , 4
2017/11/20, 21, , 18, , 3
2017/11/21, 23, , , , 6
2017/11/22, 36, , , , 5
2017/11/23, 39, , , , 
2017/11/24, 24, , , , 
2017/11/25, 26, , , , 
2017/11/26, 30, , , , 3
2017/11/27, 20, , , , 5
2017/11/28, 26, , , , 5
2017/11/29, 27, , , , 4
2017/11/30, 29, , , , 4
2017/12/1, 21, , , , 3
2017/12/2, 22, , , , 3
2017/12/3, 17, , , , 4
2017/12/4, 24, , , , 5
2017/12/5, 45, , , , 3
2017/12/6, 30, , , , 5
2017/12/7, 32, , , , 10
2017/12/8, 54, , , , 13
2017/12/9, 74, , , , 16
2017/12/10, 87, , , , 8
2017/12/11, 51, , , , 10
2017/12/12, 70, , , , 7
2017/12/13, 49, , , , 4
2017/12/14, 49, , , , 10
2017/12/15, 58, , , , 7
2017/12/16, 53, , , , 4
2017/12/17, 29, , , , 2
2017/12/18, 17, , , , 3
2017/12/19, 12, , , , 3
2017/12/20, 17, , , , 4
2017/12/21, 25, , , , 5
2017/12/22, 31, , , , 3
2017/12/23, 24, , , , 2
2017/12/24, 19, , , , 3
2017/12/25, 19, , , , 4
2017/12/26, 40, , , , 4
2017/12/27, 36, , , , 5
2017/12/28, 34, , , , 3
2017/12/29, 21, , , , 3
2017/12/30, 16, , , , 3
2017/12/31, 20, , , , 2
2018/1/1, 21, , , , 3
2017/7/2, 36, , 14, , 3
2017/7/3, 33, , 9, , 2
2017/7/4, 20, , 10, , 3
2017/7/5, 28, , 23, , 4
2017/7/6, 74, , 29, , 5
2017/7/7, 46, , 17, , 3
2017/7/8, 32, , 10, , 3
2017/7/9, 22, , 12, , 3
2017/7/10, 21, , 12, , 3
2017/7/11, 30, , 10, , 2
2017/7/12, 28, , 14, , 3
2017/7/13, 29, , 15, , 3
2017/7/14, 18, , 15, , 3
2017/7/15, 26, , 10, , 2
2017/7/16, 16, , 7, , 2
2017/7/17, 18, , 11, , 3
2017/7/18, 20, , 18, , 4
2017/7/19, 28, , 15, , 3
2017/7/20, 30, , 12, , 3
2017/7/21, 17, , 18, , 4
2017/7/22, 28, , 11, , 3
2017/7/23, 17, , 8, , 2
2017/7/24, 19, , 14, , 3
2017/7/25, 26, , 18, , 4
2017/7/26, 31, , 20, , 4
2017/7/27, 34, , 18, , 4
2017/7/28, 28, , 13, , 3
2017/7/29, 24, , 12, , 3
2017/7/30, 22, , 8, , 2
2017/7/31, 21, , 13, , 3
2017/8/1, 27, , 19, , 4
2017/8/2, 58, , 15, , 5
2017/8/3, 111, , 30, , 7
2017/8/4, 141, , 53, , 8
2017/8/5, 136, , 19, , 4
2017/8/6, 51, , 24, , 5
2017/8/7, 64, , 34, , 6
2017/8/8, 88, , 37, , 7
2017/8/9, 108, , 44, , 9
2017/8/10, 124, , 36, , 8
2017/8/11, 109, , 29, , 7
2017/8/12, 73, , 10, , 4
2017/8/13, 17, , 5, , 3
2017/8/14, 13, , 13, , 3
2017/8/15, 28, , 13, , 3
2017/8/16, 29, , 17, , 3
2017/8/17, 35, , 11, , 3
2017/8/18, 21, , 13, , 3
2017/8/19, 32, , 9, , 2
2017/8/20, 19, , 8, , 2
2017/8/21, 24, , 12, , 3
2017/8/22, 25, , 25, , 5
2017/8/23, 41, , 13, , 3
2017/8/24, 21, , 10, , 2
2017/8/25, 24, , 10, , 3
2017/8/26, 20, , 13, , 3
2017/8/27, 22, , 15, , 3
2017/8/28, 25, , 35, , 6
2017/8/29, 48, , 32, , 5
2017/8/30, 69, , 17, , 4
2017/8/31, 14, , 19, , 4
2017/9/1, 27, , 15, , 3
2017/9/2, 24, , 17, , 4
2017/9/3, 28, , 12, , 4
2017/9/4, 23, , 7, , 2
2017/9/5, 23, , , , 
2017/9/10, 21, , 14, , 4
2017/9/11, 27, , 21, , 4
2017/9/12, 32, , 12, , 2
2017/9/13, 22, , 22, , 5
2017/9/14, 33, , 15, , 3
2017/9/15, 23, , 32, , 7
2017/9/16, 49, , 40, , 8
2017/9/17, 92, , 44, , 3
2017/9/18, 44, , 15, , 3
2017/9/19, 20, , 19, , 3
2017/9/20, 23, , 15, , 4
2017/9/21, 23, , 18, , 4
2017/9/22, 32, , 22, , 6
2017/9/23, 39, , 19, , 5
2017/9/24, 40, , 14, , 5
2017/9/25, 44, , 24, , 5
2017/9/26, 32, , 16, , 4
2017/9/27, 32, , 20, , 5
2017/9/28, 36, , 33, , 6
2017/9/29, 57, , 16, , 3
2017/9/30, 27, , 15, , 4
2017/10/1, 21, , 13, , 4
2017/4/2, 27, , 8, , 2
2017/4/3, 16, , 20, , 3
2017/4/4, 20, , 25, , 5
2017/4/5, 32, , 21, , 4
2017/4/6, 24, , 21, , 3
2017/4/18, 21, , 20, , 3
2017/4/19, 25, , 20, , 4
2017/4/20, 30, , 18, , 4
2017/4/21, 29, , 20, , 4
2017/4/22, 23, , 16, , 4
2017/4/23, 18, , 12, , 3
2017/4/24, 15, , 15, , 3
2017/4/25, 17, , 20, , 4
2017/4/26, 15, , 15, , 3
2017/4/27, 15, , 19, , 3
2017/4/28, 21, , 22, , 4
2017/4/29, 25, , 14, , 4
2017/4/30, 24, , 9, , 2
2017/5/1, 14, , 4, , 4
2017/5/2, 20, , 22, , 4
2017/5/3, 26, , 17, , 5
2017/5/4, 29, , 17, , 4
2017/5/5, 36, , 16, , 3
2017/5/6, 21, , 12, , 3
2017/5/7, 17, , 10, , 3
2017/5/8, 15, , 14, , 3
2017/5/9, 21, , 20, , 4
2017/5/10, 29, , 22, , 4
2017/5/11, 34, , 17, , 3
2017/5/12, 17, , 15, , 3
2017/5/13, 19, , 10, , 3
2017/5/14, 12, , , , 3
2017/5/15, 15, , 23, , 4
2017/5/16, 18, , 16, , 3
2017/5/17, 15, , 15, , 4
2017/5/18, 20, , 27, , 5
2017/5/19, 32, , 20, , 4
2017/5/20, 34, , 14, , 3
2017/5/21, 21, , 13, , 3
2017/5/22, 32, , 21, , 4
2017/5/23, 40, , 23, , 3
2017/5/24, 43, , 13, , 2
2017/5/25, 23, , 20, , 4
2017/5/26, 36, , 25, , 5
2017/5/27, 38, , 24, , 4
2017/5/28, 47, , 29, , 5
2017/5/29, 45, , 20, , 4
2017/5/30, 38, , 19, , 4
2017/5/31, 28, , 21, , 4
2017/6/1, 22, , 15, , 3
2017/6/2, 19, , 16, , 3
2017/6/3, 20, , 15, , 3
2017/6/4, 19, , 9, , 2
2017/6/5, 23, , 11, , 2
2017/6/6, 29, , 22, , 4
2017/6/7, 30, , 25, , 5
2017/6/8, 33, , 15, , 3
2017/6/9, 20, , 16, , 3
2017/6/10, 22, , 12, , 3
2017/6/11, 17, , 10, , 3
2017/6/12, 22, , 16, , 3
2017/6/13, 33, , 18, , 4
2017/6/14, 24, , 18, , 4
2017/6/15, 15, , 11, , 2
2017/6/17, 25, , 12, , 3
2017/6/18, 18, , 8, , 2
2017/6/19, 19, , 11, , 3
2017/6/20, 29, , 14, , 3
2017/6/21, 24, , 8, , 2
2017/6/22, 26, , 13, , 3
2017/6/23, 20, , 15, , 3
2017/6/24, 23, , 16, , 4
2017/6/25, 30, , 23, , 4
2017/6/26, 47, , 17, , 3
2017/6/27, 39, , 19, , 4
2017/6/28, 31, , 17, , 4
2017/6/29, 34, , 22, , 4
2017/6/30, 43, , 22, , 4
2017/7/1, 43, , 17, , 4
2017/1/3, 18, , 12, , 3
2017/1/4, 16, , 19, , 4
2017/1/5, 19, , 29, , 7
2017/1/6, 45, , 30, , 8
2017/1/7, 46, , 21, , 5
2017/1/8, 26, , 23, , 5
2017/1/9, 26, , 23, , 4
2017/1/10, 25, , 13, , 2
2017/1/11, 18, , 17, , 4
2017/1/12, 21, , 28, , 5
2017/1/13, 31, , 24, , 4
2017/1/14, 33, , 25, , 6
2017/1/15, 41, , 31, , 10
2017/1/16, 77, , 31, , 9
2017/1/17, 71, , 31, , 6
2017/1/18, 45, , 13, , 2
2017/1/19, 8, , 23, , 4
2017/1/20, 16, , 20, , 4
2017/1/21, 16, , 26, , 7
2017/1/22, 44, , 16, , 3
2017/1/23, 20, , 20, , 5
2017/1/24, 23, , 22, , 7
2017/1/25, 54, , 21, , 8
2017/1/26, 60, , 15, , 6
2017/1/27, 52, , 27, , 5
2017/1/28, 31, , 25, , 6
2017/1/29, 30, , 15, , 3
2017/1/30, 31, , 13, , 3
2017/1/31, 20, , 12, , 3
2017/2/1, 14, , 15, , 5
2017/2/2, 13, , 14, , 2
2017/2/3, 10, , 25, , 5
2017/2/4, 25, , 18, , 4
2017/2/5, 18, , 9, , 2
2017/2/6, 11, , 16, , 3
2017/2/7, 22, , 18, , 3
2017/2/8, 18, , 21, , 4
2017/2/9, 23, , 18, , 3
2017/2/10, 14, , 19, , 3
2017/2/11, 14, , 17, , 4
2017/2/12, 18, , 20, , 5
2017/2/13, 31, , 26, , 7
2017/2/14, 43, , 35, , 10
2017/2/15, 61, , 21, , 4
2017/2/16, 24, , 23, , 4
2017/2/17, 19, , 18, , 3
2017/2/18, 16, , 15, , 4
2017/2/19, 25, , 12, , 3
2017/2/20, 13, , 20, , 4
2017/2/21, 18, , 15, , 3
2017/2/22, 21, , 20, , 4
2017/2/23, 18, , 24, , 5
2017/2/24, 35, , 22, , 4
2017/2/25, 26, , 19, , 4
2017/2/26, 28, , 9, , 3
2017/2/27, 10, , 22, , 4
2017/2/28, 22, , 20, , 4
2017/3/1, 23, , 22, , 4
2017/3/2, 16, , 20, , 3
2017/3/3, 17, , 22, , 3
2017/3/4, 13, , 13, , 3
2017/3/5, 10, , 10, , 3
2017/3/6, 8, , 19, , 3
2017/3/7, 12, , 15, , 3
2017/3/8, 12, , 24, , 4
2017/3/9, 18, , 22, , 4
2017/3/10, 26, , 20, , 4
2017/3/11, 17, , 19, , 4
2017/3/12, 27, , 14, , 3
2017/3/13, 15, , 23, , 5
2017/3/14, 28, , 18, , 3
2017/3/15, 18, , 22, , 4
2017/3/16, 15, , 21, , 4
2017/3/17, 18, , 23, , 5
2017/3/18, 29, , 11, , 2
2017/3/19, 11, , 14, , 3
2017/3/20, 20, , 20, , 4
2017/3/21, 20, , 30, , 6
2017/3/22, 35, , 19, , 3
2017/3/23, 15, , 22, , 4
2017/3/24, 18, , 21, , 3
2017/3/25, 18, , 13, , 3
2017/3/26, 14, , 14, , 3
2017/3/27, 15, , 18, , 3
2017/3/28, 12, , 18, , 3
2017/3/29, 13, , 15, , 4
2017/3/30, 10, , 18, , 3
2017/3/31, 16, , 25, , 5
2017/4/1, 38, , 16, , 3
2016/10/2, 31, , , , 
2016/10/3, 33, , 21, , 
2016/10/4, 36, , 16, , 
2016/10/5, 29, , 19, , 
2016/10/6, 29, , 20, , 
2016/10/7, 39, , 20, , 
2016/10/8, 58, , 10, , 
2016/10/9, 67, , 10, , 
2016/10/10, 107, , 19, , 
2016/10/11, 48, , 14, , 
2016/10/12, 23, , 28, , 
2016/10/13, 42, , 14, , 
2016/10/14, 21, , 14, , 
2016/10/15, 15, , 7, , 
2016/10/16, 8, , 13, , 
2016/10/17, 12, , 19, , 
2016/10/18, 16, , 18, , 
2016/10/19, 17, , 22, , 
2016/10/20, 33, , 26, , 
2016/10/21, 30, , 21, , 
2016/10/22, 28, , 24, , 
2016/10/23, 30, , 14, , 
2016/10/24, 30, , 21, , 
2016/10/25, 37, , 16, , 
2016/10/26, 14, , 22, , 
2016/10/27, 23, , 21, , 
2016/10/28, 22, , 18, , 5
2016/10/29, 24, , 22, , 5
2016/10/30, 35, , 14, , 4
2016/10/31, 26, , 16, , 2
2016/11/1, 18, , 23, , 4
2016/11/2, 24, , 23, , 5
2016/11/3, 27, , 25, , 7
2016/11/4, 38, , 24, , 10
2016/11/5, 53, , 18, , 4
2016/11/6, 31, , 15, , 4
2016/11/7, 16, , 24, , 8
2016/11/8, 39, , 24, , 7
2016/11/9, 43, , 21, , 6
2016/11/10, 33, , 21, , 9
2016/11/11, 50, , 21, , 9
2016/11/12, 59, , 14, , 4
2016/11/13, 32, , 15, , 4
2016/11/14, 21, , 20, , 4
2016/11/15, 17, , 20, , 4
2016/11/16, 15, , 25, , 5
2016/11/17, 20, , 21, , 6
2016/11/18, 28, , 22, , 6
2016/11/19, 27, , 14, , 4
2016/11/20, 16, , 12, , 3
2016/11/21, 10, , 21, , 4
2016/11/22, 18, , 19, , 4
2016/11/23, 20, , 21, , 4
2016/11/24, 14, , 9, , 2
2016/11/25, 8, , 19, , 5
2016/11/26, 22, , 17, , 4
2016/11/27, 20, , 10, , 3
2016/11/28, 11, , 20, , 5
2016/11/29, 22, , 19, , 5
2016/11/30, 25, , 21, , 4
2016/12/1, 16, , 21, , 4
2016/12/2, 25, , 21, , 4
2016/12/3, 16, , 17, , 3
2016/12/4, 23, , 14, , 3
2016/12/5, 15, , 20, , 3
2016/12/6, 19, , 14, , 3
2016/12/7, 18, , 13, , 3
2016/12/8, 19, , 10, , 2
2016/12/9, 10, , 11, , 2
2016/12/10, 11, , 13, , 3
2016/12/11, 13, , 13, , 3
2016/12/12, 12, , 19, , 3
2016/12/13, 15, , 11, , 2
2016/12/14, 22, , 16, , 3
2016/12/15, 19, , 15, , 3
2016/12/16, 24, , 16, , 3
2016/12/17, 25, , 21, , 5
2016/12/18, 43, , 23, , 6
2016/12/19, 54, , 25, , 4
2016/12/20, 24, , 21, , 3
2016/12/21, 32, , 30, , 9
2016/12/22, 52, , 27, , 7
2016/12/23, 43, , 19, , 4
2016/12/24, 23, , 16, , 4
2016/12/25, 37, , 13, , 5
2016/12/26, 54, , 15, , 4
2016/12/27, 20, , 19, , 3
2016/12/28, 14, , 23, , 4
2016/12/29, 22, , 25, , 5
2016/12/30, 26, , 17, , 5
2016/12/31, 19, , 15, , 4
2017/1/1, 30, , 10, , 3
2017/1/2, 23, , 12, , 3
2016/7/2, 36, , 9, , 3
2016/7/3, 21, , 7, , 2
2016/7/4, 24, , 6, , 2
2016/7/5, 25, , 10, , 3
2016/7/6, 41, , 17, , 4
2016/7/7, 33, , 18, , 4
2016/7/8, 31, , 14, , 3
2016/7/9, 24, , 13, , 4
2016/7/10, 21, , 12, , 4
2016/7/11, 26, , 16, , 3
2016/7/12, 23, , 16, , 3
2016/7/13, 24, , 17, , 5
2016/7/14, 28, , 11, , 2
2016/7/15, 25, , 13, , 4
2016/7/16, 33, , 12, , 4
2016/7/17, 29, , 17, , 4
2016/7/18, 39, , 18, , 4
2016/7/19, 33, , 18, , 4
2016/7/20, 24, , 19, , 4
2016/7/21, 26, , 17, , 4
2016/7/22, 32, , 15, , 3
2016/7/23, 28, , 12, , 3
2016/7/24, 21, , 10, , 3
2016/7/25, 24, , 20, , 4
2016/7/26, 39, , 22, , 4
2016/7/27, 42, , 21, , 4
2016/7/28, 40, , 22, , 5
2016/7/29, 43, , 23, , 5
2016/7/30, 44, , 11, , 3
2016/7/31, 33, , 11, , 3
2016/8/1, 31, , 18, , 4
2016/8/2, 43, , 14, , 3
2016/8/3, 28, , 16, , 4
2016/8/4, 37, , 13, , 3
2016/8/5, 35, , 12, , 3
2016/8/6, 34, , 13, , 4
2016/8/7, 32, , 12, , 3
2016/8/8, 24, , 16, , 4
2016/8/9, 33, , 15, , 4
2016/8/10, 26, , 19, , 5
2016/8/11, 36, , 13, , 3
2016/8/12, 34, , 23, , 5
2016/8/13, 45, , 32, , 6
2016/8/14, 55, , 11, , 2
2016/8/15, 28, , 16, , 3
2016/8/16, 32, , 21, , 4
2016/8/17, 39, , 19, , 4
2016/8/18, 37, , 13, , 3
2016/8/19, 34, , 19, , 4
2016/8/20, 45, , 41, , 8
2016/8/21, 66, , 13, , 3
2016/8/22, 29, , 16, , 3
2016/8/23, 30, , 15, , 3
2016/8/24, 30, , 14, , 3
2016/8/25, 31, , 23, , 4
2016/8/26, 43, , 44, , 7
2016/8/27, 60, , 14, , 3
2016/8/28, 28, , , , 3
2016/8/29, 26, , 23, , 5
2016/8/30, 44, , 15, , 3
2016/8/31, 23, , 16, , 6
2016/9/1, 30, , 17, , 5
2016/9/2, 29, , 14, , 4
2016/9/3, 23, , 12, , 5
2016/9/4, 24, , 17, , 6
2016/9/5, 32, , 10, , 5
2016/9/6, 23, , 17, , 5
2016/9/7, 31, , 19, , 5
2016/9/8, 34, , 16, , 
2016/9/9, 32, , 19, , 7
2016/9/10, 39, , 17, , 4
2016/9/11, 39, , 11, , 3
2016/9/12, 30, , 11, , 3
2016/9/13, 25, , 18, , 3
2016/9/14, 31, , 28, , 7
2016/9/15, 51, , 23, , 
2016/9/16, 50, , 28, , 
2016/9/17, 61, , 13, , 
2016/9/18, 23, , 15, , 
2016/9/19, 29, , 17, , 
2016/9/20, 32, , 15, , 
2016/9/21, 30, , 13, , 
2016/9/22, 29, , 17, , 
2016/9/23, 39, , 16, , 
2016/9/24, 30, , 20, , 
2016/9/25, 34, , 21, , 
2016/9/26, 46, , 14, , 
2016/9/27, 34, , 11, , 
2016/9/28, 17, , 10, , 
2016/9/29, 31, , 16, , 
2016/9/30, 36, , 22, , 
2016/10/1, 55, , 13, , 
2016/4/2, 62, , 26, , 5
2016/4/3, 41, , , , 
2016/4/6, 25, , 22, , 6
2016/4/7, 39, , 33, , 8
2016/4/8, 52, , 24, , 6
2016/4/9, 50, , 18, , 6
2016/4/10, 40, , 13, , 4
2016/4/11, 32, , 24, , 6
2016/4/12, 27, , 20, , 4
2016/4/13, 28, , 22, , 5
2016/4/14, 32, , 17, , 4
2016/4/15, 22, , 23, , 5
2016/4/16, 31, , 23, , 6
2016/4/17, 42, , 22, , 6
2016/4/18, 48, , 36, , 7
2016/4/19, 59, , 38, , 7
2016/4/20, 62, , 39, , 7
2016/4/21, 64, , 24, , 5
2016/4/22, 41, , 20, , 4
2016/4/23, 29, , 11, , 4
2016/4/24, 27, , 9, , 3
2016/4/25, 18, , 21, , 5
2016/4/26, 30, , 19, , 4
2016/4/27, 35, , 14, , 3
2016/4/28, 32, , 18, , 4
2016/4/29, 38, , 15, , 3
2016/4/30, 24, , 12, , 3
2016/5/1, 30, , 13, , 3
2016/5/2, 37, , 32, , 6
2016/5/3, 50, , 25, , 4
2016/5/4, 42, , 11, , 2
2016/5/5, 18, , 12, , 3
2016/5/6, 28, , 12, , 3
2016/5/7, 26, , 21, , 4
2016/5/8, 41, , 11, , 3
2016/5/9, 26, , 20, , 4
2016/5/10, 34, , 18, , 4
2016/5/11, 28, , 25, , 5
2016/5/12, 33, , 17, , 4
2016/5/13, 30, , 23, , 5
2016/5/14, 43, , 19, , 4
2016/5/15, 40, , 11, , 3
2016/5/16, 32, , 16, , 4
2016/5/17, 38, , 16, , 4
2016/5/18, 30, , 17, , 4
2016/5/19, 34, , 11, , 2
2016/5/20, 18, , 14, , 3
2016/5/21, 25, , 18, , 4
2016/5/22, 31, , 9, , 3
2016/5/23, 22, , 16, , 3
2016/5/24, 26, , 15, , 3
2016/5/25, 30, , 17, , 4
2016/5/26, 31, , 20, , 3
2016/5/27, 30, , 14, , 3
2016/5/28, 20, , 11, , 3
2016/5/29, 20, , 8, , 2
2016/5/30, 15, , 7, , 2
2016/5/31, 21, , 27, , 6
2016/6/1, 39, , 21, , 4
2016/6/2, 32, , 18, , 3
2016/6/3, 21, , 25, , 4
2016/6/4, 35, , 10, , 3
2016/6/5, 23, , 18, , 4
2016/6/6, 37, , 21, , 4
2016/6/7, 39, , 15, , 3
2016/6/8, 31, , 16, , 4
2016/6/9, 31, , 18, , 3
2016/6/10, 24, , 17, , 3
2016/6/11, 19, , 12, , 3
2016/6/12, 16, , 9, , 2
2016/6/13, 17, , 11, , 3
2016/6/14, 16, , , , 
2016/6/16, 21, , 18, , 4
2016/6/17, 23, , 19, , 4
2016/6/18, 26, , 19, , 4
2016/6/19, 30, , 12, , 3
2016/6/20, 23, , 19, , 4
2016/6/21, 34, , 17, , 3
2016/6/22, 29, , 15, , 3
2016/6/23, 28, , 13, , 3
2016/6/24, 22, , 15, , 3
2016/6/25, 23, , 9, , 3
2016/6/26, 20, , 9, , 3
2016/6/27, 29, , 21, , 5
2016/6/28, 36, , 19, , 4
2016/6/29, 36, , 19, , 5
2016/6/30, 39, , 21, , 5
2016/7/1, 40, , 18, , 4
2016/1/5, 31, , 22, , 7
2016/1/6, 49, , 28, , 9
2016/1/7, 48, , 21, , 9
2016/1/8, 58, , 21, , 11
2016/1/9, 67, , 23, , 13
2016/1/10, 68, , 22, , 6
2016/1/11, 34, , 28, , 7
2016/1/12, 32, , 21, , 4
2016/1/13, 20, , 23, , 5
2016/1/14, 21, , 25, , 6
2016/1/15, 29, , 23, , 6
2016/1/16, 30, , 23, , 8
2016/1/17, 27, , , , 
2016/1/20, 26, , 27, , 5
2016/1/21, 31, , 26, , 6
2016/1/22, 27, , 21, , 4
2016/1/23, 21, , , , 
2016/1/24, 28, , , , 
2016/1/25, 23, , 22, , 8
2016/1/26, 31, , 24, , 5
2016/1/27, 32, , 19, , 5
2016/1/28, 30, , 24, , 4
2016/1/29, 32, , 24, , 5
2016/1/30, 31, , 16, , 4
2016/1/31, 18, , 17, , 5
2016/2/1, 20, , 24, , 6
2016/2/2, 32, , 21, , 6
2016/2/3, 30, , 17, , 3
2016/2/4, 18, , 26, , 5
2016/2/5, 29, , 25, , 7
2016/2/6, 39, , 17, , 3
2016/2/7, 8, , , , 
2016/2/9, 43, , 23, , 9
2016/2/10, 55, , 27, , 7
2016/2/11, 45, , 26, , 8
2016/2/12, 47, , 22, , 5
2016/2/13, 27, , 15, , 4
2016/2/14, 21, , 14, , 4
2016/2/15, 19, , 21, , 5
2016/2/16, 20, , 21, , 6
2016/2/17, 27, , 25, , 7
2016/2/18, 38, , 22, , 5
2016/2/19, 25, , 16, , 4
2016/2/20, 15, , , , 
2016/2/23, 31, , 16, , 4
2016/2/24, 19, , 33, , 9
2016/2/25, 49, , 29, , 9
2016/2/26, 55, , 25, , 8
2016/2/27, 54, , 31, , 8
2016/2/28, 51, , , , 
2016/3/1, 30, , 17, , 3
2016/3/2, 24, , 27, , 6
2016/3/3, 36, , 27, , 6
2016/3/4, 32, , 27, , 6
2016/3/5, 35, , , , 
2016/3/8, 25, , 25, , 7
2016/3/9, 25, , 18, , 3
2016/3/10, 15, , , , 
2016/3/16, 29, , 19, , 3
2016/3/17, 17, , 13, , 3
2016/3/18, 18, , 15, , 3
2016/3/19, 11, , 30, , 7
2016/3/20, 45, , , , 
2016/3/22, 22, , 23, , 5
2016/3/23, 21, , 19, , 4
2016/3/24, 26, , 27, , 4
2016/3/25, 25, , 29, , 7
2016/3/26, 38, , , , 
2016/3/30, 22, , 15, , 7
2016/3/31, 39, , , , 
2015/10/2, 57, , 25, , 5
2015/10/3, 44, , 9, , 3
2015/10/4, 17, , 13, , 4
2015/10/5, 24, , 27, , 9
2015/10/6, 42, , 26, , 7
2015/10/7, 50, , 20, , 4
2015/10/8, 29, , 23, , 8
2015/10/9, 49, , 23, , 10
2015/10/10, 46, , 13, , 4
2015/10/11, 18, , 14, , 5
2015/10/12, 26, , 26, , 7
2015/10/13, 36, , 15, , 3
2015/10/14, 29, , 11, , 3
2015/10/15, 35, , 19, , 6
2015/10/16, 36, , 28, , 9
2015/10/17, 53, , 22, , 7
2015/10/18, 59, , 18, , 6
2015/10/19, 38, , 25, , 6
2015/10/20, 23, , 20, , 5
2015/10/21, 32, , 19, , 7
2015/10/22, 43, , 18, , 4
2015/10/23, 33, , 15, , 4
2015/10/24, 43, , 14, , 5
2015/10/25, 54, , 20, , 6
2015/10/26, 44, , 19, , 4
2015/10/27, 19, , 21, , 8
2015/10/28, 39, , 23, , 7
2015/10/29, 40, , 24, , 5
2015/10/30, 29, , 19, , 4
2015/10/31, 18, , 12, , 3
2015/11/1, 14, , 13, , 3
2015/11/2, 12, , 23, , 5
2015/11/3, 21, , 21, , 6
2015/11/4, 35, , 20, , 6
2015/11/5, 45, , 22, , 6
2015/11/6, 49, , 21, , 6
2015/11/7, 48, , 22, , 6
2015/11/8, 38, , 15, , 4
2015/11/9, 21, , 20, , 5
2015/11/10, 26, , 19, , 6
2015/11/11, 43, , 25, , 5
2015/11/12, 27, , 25, , 5
2015/11/13, 25, , 18, , 4
2015/11/14, 20, , 12, , 2
2015/11/15, 9, , 11, , 3
2015/11/16, 10, , 25, , 5
2015/11/17, 25, , 18, , 4
2015/11/18, 14, , 27, , 5
2015/11/19, 27, , 16, , 4
2015/11/20, 23, , 18, , 5
2015/11/21, 41, , 16, , 3
2015/11/22, 28, , 17, , 6
2015/11/23, 47, , 25, , 10
2015/11/24, 78, , 18, , 4
2015/11/25, 32, , 16, , 4
2015/11/26, 24, , 15, , 4
2015/11/27, 39, , 23, , 6
2015/11/28, 47, , 23, , 9
2015/11/29, 70, , 23, , 9
2015/11/30, 81, , 28, , 10
2015/12/1, 69, , 21, , 5
2015/12/2, 32, , 16, , 4
2015/12/3, 21, , 15, , 3
2015/12/4, 12, , 25, , 5
2015/12/5, 20, , 14, , 3
2015/12/6, 15, , 10, , 3
2015/12/7, 11, , 28, , 6
2015/12/8, 25, , 21, , 4
2015/12/9, 18, , 22, , 4
2015/12/10, 26, , 17, , 3
2015/12/11, 16, , 20, , 5
2015/12/12, 22, , 16, , 4
2015/12/13, 25, , 12, , 3
2015/12/14, 15, , 23, , 7
2015/12/15, 28, , 24, , 7
2015/12/16, 48, , 22, , 5
2015/12/17, 25, , 20, , 3
2015/12/18, 19, , 23, , 4
2015/12/19, 17, , 15, , 4
2015/12/20, 18, , 14, , 4
2015/12/21, 11, , 16, , 3
2015/12/22, 14, , 23, , 4
2015/12/23, 22, , 23, , 4
2015/12/24, 15, , 22, , 5
2015/12/25, 18, , 15, , 4
2015/12/26, 34, , 18, , 6
2015/12/27, 36, , 16, , 4
2015/12/28, 19, , 20, , 5
2015/12/29, 30, , 14, , 4
2015/12/30, 34, , 16, , 3
2015/12/31, 20, , 22, , 5
2016/1/1, 24, , , , 
2016/1/4, 35, , 21, , 4
2015/8/4, 37, , 17, , 5
2015/8/5, 26, , 14, , 4
2015/8/6, 16, , 15, , 4
2015/8/7, 19, , 18, , 5
2015/8/8, 20, , 11, , 4
2015/8/9, 13, , 15, , 5
2015/8/10, 17, , , , 
2015/4/2, 37, , 26, , 6
2015/4/3, 44, , 20, , 5
2015/4/4, 44, , 22, , 6
2015/4/5, 37, , 18, , 5
2015/4/6, 43, , 23, , 4
2015/4/7, 31, , 18, , 4
2015/4/8, 35, , 30, , 7
2015/4/9, 48, , 25, , 5
2015/4/10, 48, , 23, , 5
2015/4/11, 42, , 14, , 4
2015/4/12, 32, , 15, , 5
2015/4/13, 29, , 22, , 5
2015/4/14, 41, , 21, , 5
2015/4/15, 35, , 25, , 6
2015/4/16, 34, , 22, , 5
2015/4/17, 38, , 20, , 4
2015/4/18, 44, , 13, , 4
2015/4/19, 36, , 16, , 5
2015/4/20, 50, , 29, , 7
2015/4/21, 55, , 16, , 3
2015/4/22, 44, , 17, , 4
2015/4/23, 31, , 24, , 5
2015/4/24, 38, , 20, , 4
2015/4/25, 31, , 20, , 5
2015/4/26, 32, , 18, , 5
2015/4/27, 37, , 27, , 6
2015/4/28, 43, , 21, , 4
2015/4/29, 43, , 23, , 5
2015/4/30, 43, , 27, , 5
2015/5/1, 47, , 15, , 4
2015/5/2, 39, , 11, , 3
2015/5/3, 39, , 18, , 5
2015/5/4, 45, , 23, , 6
2015/5/5, 48, , 18, , 4
2015/5/6, 35, , 14, , 3
2015/5/7, 34, , 18, , 4
2015/5/8, 41, , 19, , 5
2015/5/9, 41, , 27, , 6
2015/5/10, 57, , 20, , 5
2015/5/11, 54, , 23, , 6
2015/5/12, 46, , 27, , 6
2015/5/13, 51, , 26, , 5
2015/5/14, 47, , 27, , 5
2015/5/15, 55, , 25, , 6
2015/5/16, 52, , 19, , 5
2015/5/17, 43, , 23, , 5
2015/5/18, 50, , 20, , 5
2015/5/19, 48, , 30, , 6
2015/5/20, 59, , 33, , 6
2015/5/21, 60, , 40, , 7
2015/5/22, 62, , 22, , 5
2015/5/23, 46, , 16, , 5
2015/5/24, 36, , 15, , 5
2015/5/25, 34, , 16, , 6
2015/5/26, 35, , 29, , 6
2015/5/27, 47, , 31, , 6
2015/5/28, 61, , 29, , 6
2015/5/29, 59, , 34, , 7
2015/5/30, 62, , 21, , 5
2015/5/31, 52, , 22, , 5
2015/6/1, 57, , 25, , 6
2015/6/2, 53, , 23, , 5
2015/6/3, 29, , 23, , 4
2015/6/4, 18, , 14, , 3
2015/6/5, 11, , 16, , 4
2015/6/6, 17, , 24, , 5
2015/6/7, 33, , 22, , 5
2015/6/8, 35, , 20, , 5
2015/6/9, 28, , 26, , 5
2015/6/10, 33, , 29, , 5
2015/6/11, 46, , 26, , 4
2015/6/12, 36, , , , 5
2015/6/13, 22, , , , 4
2015/6/14, 30, , , , 3
2015/6/15, 22, , , , 4
2015/6/16, 31, , , , 4
2015/6/17, 32, , , , 4
2015/6/18, 21, , , , 3
2015/6/19, 20, , , , 4
2015/6/20, 18, , , , 3
2015/6/21, 14, , , , 4
2015/6/22, 19, , , , 5
2015/6/23, 29, , 18, , 4
2015/6/24, 25, , 18, , 4
2015/6/25, 21, , 19, , 4
2015/6/26, 27, , 14, , 5
2015/6/27, 22, , 16, , 4
2015/6/28, 25, , 26, , 5
2015/6/29, 40, , 27, , 8
2015/6/30, 45, , 20, , 5
2015/7/1, 32, , 14, , 3
2015/7/2, 24, , 28, , 6
2015/7/3, 43, , 27, , 8
2015/7/4, 45, , 22, , 5
2015/7/5, 43, , 29, , 7
2015/7/6, 69, , , , 
2015/1/16, 44, , 32, , 7
2015/1/17, 43, , 23, , 6
2015/1/18, 39, , 9, , 2
2015/1/19, 25, , , , 
2015/1/27, 48, , 24, , 6
2015/1/28, 47, , 22, , 5
2015/1/29, 38, , 19, , 5
2015/1/30, 39, , 23, , 9
2015/1/31, 66, , 16, , 6
2015/2/1, 63, , 16, , 7
2015/2/2, 63, , 24, , 5
2015/2/3, 44, , 25, , 6
2015/2/4, 46, , 21, , 6
2015/2/5, 42, , 18, , 4
2015/2/6, 31, , 29, , 6
2015/2/7, 37, , 17, , 4
2015/2/8, 31, , 18, , 5
2015/2/9, 36, , 28, , 7
2015/2/10, 43, , 30, , 6
2015/2/11, 40, , 25, , 9
2015/2/12, 66, , 25, , 9
2015/2/13, 59, , 27, , 9
2015/2/14, 67, , 19, , 5
2015/2/15, 45, , 11, , 3
2015/2/16, 38, , 14, , 3
2015/2/17, 39, , 24, , 6
2015/2/18, 45, , 32, , 9
2015/2/19, 63, , 29, , 6
2015/2/20, 55, , 23, , 5
2015/2/21, 50, , 11, , 3
2015/2/22, 34, , 18, , 5
2015/2/23, 50, , 36, , 10
2015/2/24, 51, , 30, , 10
2015/2/25, 63, , 31, , 6
2015/2/26, 55, , 23, , 5
2015/2/27, 49, , 13, , 3
2015/2/28, 25, , 13, , 3
2015/3/1, 29, , 23, , 6
2015/3/2, 54, , 15, , 3
2015/3/3, 41, , 25, , 5
2015/3/4, 43, , 35, , 8
2015/3/5, 53, , 39, , 10
2015/3/6, 60, , 32, , 9
2015/3/7, 64, , 24, , 8
2015/3/8, 64, , 25, , 8
2015/3/9, 62, , 26, , 8
2015/3/10, 61, , 22, , 6
2015/3/11, 54, , 27, , 6
2015/3/12, 50, , 29, , 6
2015/3/13, 43, , 32, , 8
2015/3/14, 50, , 15, , 3
2015/3/15, 34, , 17, , 4
2015/3/16, 29, , 22, , 5
2015/3/17, 30, , 26, , 6
2015/3/18, 47, , 27, , 6
2015/3/19, 38, , 27, , 6
2015/3/20, 42, , 31, , 7
2015/3/21, 57, , 20, , 4
2015/3/22, 33, , 18, , 5
2015/3/23, 40, , 25, , 6
2015/3/24, 36, , 27, , 5
2015/3/25, 33, , 20, , 5
2015/3/26, 38, , 25, , 6
2015/3/27, 51, , 23, , 6
2015/3/28, 45, , 18, , 4
2015/3/29, 28, , 16, , 5
2015/3/30, 42, , 26, , 6
2015/3/31, 43, , 14, , 3
2015/4/1, 26, , 28, , 5
2014/7/2, 24, , , , 
2014/7/3, 26, , , , 
2014/7/4, 16, , , , 
2014/7/5, 21, , , , 
2014/7/6, 61, , , , 
2014/7/7, 34, , , , 
2014/7/8, 34, , , , 
2014/7/9, 21, , , , 
2014/7/10, 23, , , , 
2014/7/11, 26, , , , 
2014/7/12, 28, , , , 
2014/7/13, 36, , , , 
2014/7/14, 39, , , , 
2014/7/15, 35, , , , 
2014/7/16, 41, , , , 
2014/7/17, 32, , , , 
2014/7/18, 40, , , , 
2014/7/19, 37, , , , 
2014/7/20, 20, , , , 
2014/7/21, 17, , , , 
2014/7/22, 22, , , , 
2014/7/23, 35, , , , 
2014/7/24, 35, , , , 
2014/7/25, 20, , , , 
2014/7/26, 22, , , , 
2014/7/27, 20, , , , 
2014/7/28, 20, , , , 
2014/7/29, 26, , , , 
2014/7/30, 19, , , , 
2014/7/31, 20, , , , 
2014/8/1, 21, , , , 
2014/8/2, 28, , , , 
2014/8/3, 43, , , , 
2014/8/4, 41, , , , 
2014/8/5, 36, , , , 
2014/8/6, 26, , , , 
2014/8/7, 27, , , , 
2014/8/8, 32, , , , 
2014/4/4, 22, , , , 
2014/4/5, 16, , , , 
2014/4/6, 19, , , , 
2014/4/7, 16, , , , 
2014/4/8, 18, , , , 
2014/4/9, 15, , , , 
2014/4/10, 16, , , , 
2014/4/11, 17, , , , 
2014/4/12, 19, , , , 
2014/4/13, 20, , , , 
2014/4/14, 20, , , , 
2014/4/15, 28, , , , 
2014/4/16, 21, , , , 
2014/4/17, 24, , , , 
2014/4/18, 22, , , , 
2014/4/19, 19, , , , 
2014/4/20, 22, , , , 
2014/4/21, 30, , , , 
2014/4/22, 32, , , , 
2014/4/23, 15, , , , 
2014/4/24, 14, , , , 
2014/4/25, 14, , , , 
2014/4/26, 18, , , , 
2014/4/27, 17, , , , 
2014/4/28, 13, , , , 
2014/4/29, 16, , , , 
2014/4/30, 22, , , , 
2014/5/1, 23, , , , 
2014/5/2, 29, , , , 
2014/5/3, 23, , , , 
2014/5/4, 18, , , , 
2014/5/5, 13, , , , 
2014/5/6, 14, , , , 
2014/5/7, 22, , , , 
2014/5/8, 33, , , , 
2014/5/9, 32, , , , 
2014/5/10, 14, , , , 
2014/5/11, 17, , , , 
2014/5/12, 25, , , , 
2014/5/13, 22, , , , 
2014/5/14, 25, , , , 
2014/5/15, 33, , , , 
2014/5/16, 33, , , , 
2014/5/17, 32, , , , 
2014/5/18, 19, , , , 
2014/5/19, 18, , , , 
2014/5/20, 16, , , , 
2014/5/21, 21, , , , 
2014/5/22, 30, , , , 
2014/5/23, 24, , , , 
2014/5/24, 19, , , , 
2014/5/25, 19, , , , 
2014/5/26, 24, , , , 
2014/5/27, 18, , , , 
2014/5/28, 16, , , , 
2014/5/29, 22, , , , 
2014/5/30, 39, , , , 
2014/5/31, 37, , , , 
2014/6/1, 37, , , , 
2014/6/2, 32, , , , 
2014/6/3, 47, , , , 
2014/6/4, 35, , , , 
2014/6/5, 38, , , , 
2014/6/6, 34, , , , 
2014/6/7, 26, , , , 
2014/6/8, 18, , , , 
2014/6/9, 24, , , , 
2014/6/10, 20, , , , 
2014/6/11, 26, , , , 
2014/6/12, 23, , , , 
2014/6/13, 19, , , , 
2014/6/14, 25, , , , 
2014/6/15, 34, , , , 
2014/6/16, 27, , , , 
2014/6/17, 21, , , , 
2014/6/18, 27, , , , 
2014/6/19, 24, , , , 
2014/6/20, 25, , , , 
2014/6/21, 16, , , , 
2014/6/24, 24, , , , 
2014/6/25, 16, , , , 
2014/6/26, 24, , , , 
2014/6/27, 21, , , , 
2014/6/28, 17, , , , 
2014/6/29, 15, , , , 
2014/6/30, 16, , , , 
2014/7/1, 22, , , , 
2014/1/2, 48, , , , 
2014/1/3, 42, , , , 
2014/1/4, 25, , , , 
2014/1/5, 29, , , , 
2014/1/6, 25, , , , 
2014/1/7, 36, , , , 
2014/1/8, 38, , , , 
2014/1/9, 21, , , , 
2014/1/10, 23, , , , 
2014/1/11, 25, , , , 
2014/1/12, 17, , , , 
2014/1/13, 20, , , , 
2014/1/14, 20, , , , 
2014/1/15, 24, , , , 
2014/1/16, 45, , , , 
2014/1/17, 48, , , , 
2014/1/18, 48, , , , 
2014/1/19, 54, , , , 
2014/1/20, 62, , , , 
2014/1/21, 61, , , , 
2014/1/22, 68, , , , 
2014/1/23, 55, , , , 
2014/1/24, 52, , , , 
2014/1/25, 44, , , , 
2014/1/26, 68, , , , 
2014/1/27, 55, , , , 
2014/1/28, 67, , , , 
2014/1/29, 51, , , , 
2014/1/30, 20, , , , 
2014/1/31, 22, , , , 
2020/7/30, , 44, 25, 1, 5
2020/7/31, , 21, 17, 1, 4
2020/8/1, , 16, 11, 1, 3
2020/8/2, , 19, 12, 1, 4
2020/8/3, , 23, 12, 1, 3
2020/8/4, , 22, 11, 1, 3
2020/4/1, , 28, 12, 1, 3
2020/4/29, , 24, 10, 1, 2
2020/4/30, , 30, 10, 1, 2
2019/6/17, , 24, 18, 1, 4
2019/1/1, , 8, 16, 1, 7
2018/11/5, , 23, 25, 1, 4
2022/12/17, , , 14, , 4
2022/12/18, , , 8, , 2
2022/12/19, , , 12, , 2
2022/12/20, , , 11, , 3
2022/12/21, , , 7, , 1
2022/12/22, , , 16, , 2
2022/8/6, , , 12, , 3
2022/8/7, , , 15, , 3
2022/8/8, , , 25, , 4
2022/8/9, , , 21, , 3
2022/8/10, , , 13, , 2
2022/8/11, , , 15, , 3
2021/6/16, , , 11, , 2
2021/6/17, , , 14, , 3
2021/6/18, , , 6, , 1
2020/1/1, , , 12, , 2
2018/4/20, , , 21, , 4
2018/2/19, , , 13, , 3
2018/2/20, , , 21, , 4
2017/9/9, , , 15, , 4
2017/4/7, , , 18, , 2
2017/4/8, , , 13, , 3
2017/4/9, , , 18, , 4
2017/4/10, , , 21, , 3
2017/4/11, , , 17, , 3
2017/4/12, , , 21, , 3
2017/4/13, , , 17, , 4
2017/4/14, , , 16, , 3
2017/4/15, , , 14, , 3
2017/4/16, , , 17, , 4
2017/4/17, , , 25, , 4
2017/6/16, , , 13, , 3
2016/4/1, , , 40, , 9
2016/6/15, , , 19, , 4
2016/1/19, , , 26, , 6
2016/2/8, , , 22, , 7
2016/2/22, , , 27, , 6
2016/2/29, , , 27, , 7
2016/3/7, , , 24, , 5
2016/3/15, , , 25, , 6
2016/3/21, , , 20, , 5
2016/3/28, , , 14, , 
2016/3/29, , , 11, , 2
2015/10/1, , , 30, , 7
2016/1/3, , , 23, , 6
2015/8/3, , , 27, , 6
2015/1/15, , , 27, , 7
2015/1/26, , , 21, , 4